first_name,last_name
Maham,Ofracculy
Juanna,Vines
Altark,Susent
Solam,Susent
Willy,Santantines
Sandie,Hinetthews
Billex,Jacostaffey
Candra,Jacostaffey
Andona,Beston
Erraiam,Flatic
Altardr,Flatic
Wezena,Flatic
Berers,Barne
Reney,Baketton
Elle,Bertsontry
Justie,Pooles
Flats,Eccle
Carry,Hughriend
Alus,Upead
Lyde,Brighttt
Philda,Brighttt
Almary,Brantuarez
Glendy,Brantuarez
Mollen,Mcfaddennon
Breney,Jacostanley
Mael,Brantuarez
Terta,Mcfaddennon
Penton,Fullided
Karard,Brookenson
Anyoni,Unconary
Ceros,Mare
Ginia,Morsentley
Coobix,Datie
Cinets,Datie
Dontch,Datie
Ziba,Oingwhedly
Luse,Butte
Marina,Leodger
Loise,Wheelez
Jorgie,Batthewitt
Margia,Moodsey
Ankalik,Cylistrand
Jodye,Coopelandez
Kayne,Coopelandez
Cassa,Coopelandez
Zelowl,Chmad
Mass,Chmad
Sony,Lancis
Vivia,Johnshines
Elaney,Hubbarton
Elson,Hickerson
Okulas,Tractive
Instab,Tractive
Zinoces,Tractive
Warry,Ayalazquez
Shanya,Salez
Sterry,Greeves
Colatz,Keen
Diandy,Pecketton
Ninaha,Leeves
Celine,Leeves
Velyne,Leeves
Cinst,Binie
Meremy,Brighttt
Nelly,Dillines
Thell,Brantuarez
Gorn,Make
Aldibah,Mostedry
Conk,Dal
Pon,Blité
Spuri,Pokerheed
Dellie,Vinozarks
Totse,Datte
Eaturs,Datte
Coren,Coopezmaney
Furudah,Ellcefulve
Jodye,Kinson
Stmeal,Sacre
Heremy,Santry
Deanne,Yorkland
Tinez,Yorkland
Gracy,Dunnisey
Stald,Hewson
Tiney,Hewson
Alchium,Fictful
Doria,Carezquez
Leence,Carezquez
Aliey,Leetersoney
Thewis,Connelson
Book,Trad
Ritany,Holson
Arlen,Mclainez
Shaele,Mclainez
Fanne,Mclainez
Carry,Cleachrand
Coobix,Hart
Natald,Handertiz
Oline,Handertiz
Graviph,Aloubtled
Aldeba,Bootious
Alaratz,Aloubtled
Izark,Aloubtled
Aldera,Supred
Moth,Cowtale
Idary,Carvis
Maura,Beckerson
Rohs,Pead
Alhenah,Suptive
Batan,Coning
Kleeiak,Coning
Bees,Sacre
Shelle,Hayder
Iree,Fielson
Milly,Mish
Miloss,Mesty
Grohs,Fles
Barave,Fles
Race,Fowles
Flynx,Blie
Egrasp,Blie
Camina,Harmontry
Fayene,Gambs
Monah,Gambs
Charda,Myling
Evaley,Mejiaddox
Verney,Whitakers
Pyrohs,Harte
Guadae,Dayers
Verly,Wolferguson
Samie,Hubbarrison
Corsh,Pashe
Billya,Hubbarrison
Shanie,Simson
Andan,Estron
Gory,Atkinney
Kabiton,Hetforhaft
Scharab,Hetforhaft
Fany,Hutchinton
Ianya,Hutchinton
Graven,Anche
Miten,Floaf
Rios,Floaf
Wandy,Fisherry
Mollie,Mcmahoney
Coracy,Gordanieves
Hanna,Johnshines
Hilip,Grifford
Doryn,Lambles
Toperon,Iniouser
Wees,Knik
Elaney,Webstephrey
Raque,Webstephrey
Sallyl,Webstephrey
Nancis,Brighttt
Ksorab,Disight
Stany,Weaves
Camiet,Shephendry
Branda,Romez
Helly,Booters
Tance,Adavisons
Robyny,Adavisons
Lilace,Adavisons
Sps,Raf
Frook,Raf
Goles,Raf
Bar,Floaf
Caper,Emead
Astrak,Dissper
Jeroy,Cookson
Regana,Morrows
Elia,Colomonson
Kaffias,Bacistion
Edaruma,Bacistion
Pomera,Embleng
Vegas,Embleng
Ancham,Heateele
Carma,Oneiles
Nuson,Brugashed
Thony,Mcfaddennon
Arraid,Inicont
Pebuts,Appie
Corsh,Appie
Picers,Date
Inen,Workmans
Shally,Workmans
Carita,Navages
Searla,Garnes
Prilly,Shieldson
Nica,River
Tyle,Wilsoney
Wena,Wilsoney
Branca,Wilsoney
Dont,Wilsoney
Velyne,Wilsoney
Weney,Wilsoney
Guye,Wilsoney
Cowhex,Blan
Yogark,Reke
Jacks,Reke
Eerch,Reke
Panbug,Reke
Gran,Reke
Rohs,Reke
Gone,Perte
Colf,Deva
Grake,Perte
Evan,Sykess
Blues,Queen
Carly,Hortis
Done,Sellahaney
Krus,Nate
Nica,Bakerrison
Teda,Wist
Keitha,Josey
Weias,Aginge
Diedow,Resty
Puffes,Crie
Alas,Dischod
Almone,Sté
Lilace,Cartyernan
Froos,Sad
Tous,Sad
Glueba,Repumparte
Anchib,Repumparte
Mele,Sesa
Genifi,Spanxibus
Camily,Kramosley
Diphah,Amsive
Leenny,Byerry
Dawne,Cardner
Race,Stenson
Ashir,Mingious
Errohs,Berte
Squars,Berte
Feryla,Cooperkins
Segino,Inderly
Dord,Bookerson
Maen,Merkins
Etair,Herpumble
Lilace,Sancockett
Lerome,Polliamposs
Cathya,Fryersonis
Terf,Obnoble
Byront,Mcdanield
Judya,Beachez
Marice,Beachez
Derine,Pierry
Valex,Baketton
Jacky,Santin
Roydo,Santin
Krabik,Invebodene
Grasath,Invebodene
Carita,Jimes
Tetra,Bootty
Alasym,Bootty
Gory,Delez
Furuson,Objeciane
Skaton,Excialing
Algor,Excialing
Dhenar,Excialing
Atino,Excialing
Castab,Brakeril
Phonons,Roforhauge
Ernice,Gardonadox
Ashird,Sorbitter
Margia,Wriggins
Lesley,Shephendry
Oraryn,Kirklander
Betena,Ausivetpul
Suhelik,Geousker
Dony,Estevesters
Natald,Hickett
Billya,Bowerson
Naviton,Coudered
Briney,Mckinsond
Jona,Mckinsond
Jaimer,Mckinsond
Hary,Mckinsond
Kell,Kochroeders
Adriet,Valezaley
Hallah,Sorbitter
Beneba,Sorbitter
Breney,Bellarkerd
Garley,Bellarkerd
Quites,Bache
Annya,Blange
Carma,Hooperez
Charly,Edwartizman
Jasony,Ocherman
Bellah,Siveduced
Hekaton,Siveduced
Lewise,Burchard
Phios,Melie
Unfly,Mushe
Maura,Cookson
Guanch,Perle
Weros,Perle
Ireen,Guerson
Pentard,Poille
Lorian,Webstephrey
Meremy,Salez
Berios,Racke
Lynney,Chanan
Cousk,Kraie
Stray,Mane
Weet,Mane
Loresa,Burchanez
Hits,Strad
Tricky,Warrison
Pharmus,Gloyanthy
Eduard,Mcleaney
Ronna,Connon
Dandy,Connon
Celine,Popez
Elancy,Staffersby
Virgie,Headardyer
Dandra,Jacostaney
Resers,Perte
Batech,Perte
Veroy,Pottonalden
Tine,Coffmaney
Chrey,Dutte
Billex,Mcneiderson
Luzel,Vincenton
Francy,Spentley
Wezncha,Excialing
Bram,Pirejus
Marfak,Pirejus
Naslon,Pirejus
Muonons,Pirejus
Polaton,Pirejus
Sollum,Pirejus
Achib,Pirejus
Brita,Moodson
Zinopus,Fuelddid
Mesatan,Mosteraked
Aston,Mosteraked
Blanie,Floydendley
Phia,Wagnerray
Evane,Wagnerray
Cliney,Simpsonks
Ellard,Simpsonks
Tanley,Klinson
Verek,Merce
Fanna,Sullones
Elanda,Savaraldez
Dabik,Cowsearney
Ward,Carreralend
Meropus,Hervel
Hadyon,Hervel
Brinez,Robins
Graw,Mepie
Wales,Tité
Luse,Pimne
Parney,Pimne
Teron,Sageng
Push,Wate
Denis,Flowensley
Dandy,Mirez
Luzel,Mirez
Dennya,Mirez
Cus,Ble
Mats,Iccle
Tyrona,Roachoanand
Benny,Rushorney
Baton,Quelfly
Elina,Steinardson
Iney,Pierry
Lesatik,Poicaptic
Mirark,Unhearfus
Enifik,Unhearfus
Syrmark,Pumbody
Blesh,Fiha
Cowns,Fiha
Ree,Fiha
Algor,Efulows
Chargin,Chocaters
Aino,Ineysive
Taurak,Ineysive
Eliana,Jorden
Fronch,Melto
Caper,Knike
Hekark,Mormonized
Naosura,Mormonized
Row,Pread
Allie,Willynnedy
Sallyl,Hodes
Lilace,Hodes
Lynnee,Oneiles
Debora,Oneiles
Dyonon,Diateous
Izarino,Unciate
Loree,Hahnstonsen
Elica,Armstromez
Camonk,Curte
Colal,Curte
Loria,Marshopper
Rice,Marshopper
Hadira,Singmage
Ferry,Mcclayton
Elara,Hoppernardy
Nathy,Moongton
Swafox,Ecart
Aldun,Taptiritty
Minopus,Taptiritty
Wezena,Taptiritty
Tabius,Geoconne
Etair,Fushausive
Hallux,Geoconne
Lulah,Hinetthews
Leonyl,Poperez
Sallyl,Poperez
Joela,Poperez
Zanin,Bedectical
Hardy,Nichoan
Shawne,Jenningley
Shany,Yorkland
Warry,Yorkland
Len,Yorkland
Ronia,Sosanturney
Grats,Staf
Flamal,Staf
Deandy,Chaellerty
Kyley,Chaellerty
Aude,Beachez
Haryn,Wynneyerson
Aptal,Binie
Jurs,Binie
Astab,Fuelisent
Izarino,Fuelisent
Stene,Solinez
Nicey,Chardst
Danie,Gilesonston
Coves,Chiff
Book,Chiff
Beah,Chiff
Benny,Moongton
Chrisa,Mcdanield
Gera,Peckerson
Anny,Mallerez
Isaacy,Mallerez
Furudah,Unloweedic
Sadirak,Obeaded
Chery,Vantonson
Hanne,Kirklander
Batomam,Preent
Kastrak,Preent
Eclass,Meake
Yogark,Meake
Ots,Cakie
Hadirk,Spedlybood
Pigars,Swell
Gal,Fone
Torms,Fone
Pios,Fone
Thabius,Unpasine
Mirfar,Unpasine
Sterops,Unpasine
Tauria,Unpasine
Azharga,Unpasine
Alheneb,Unpasine
Kad,Backe
Kylen,Mccarry
Astrark,Sinecthex
Sadirak,Nateansive
Ankalik,Nateansive
Rayley,Blandez
Alramix,Swinvul
Vindem,Eneurordry
Jandy,Kimons
Soyos,Parta
Ryany,Farleyatton
Bel,Mcguirez
Hery,Hornettoney
Glenry,Parklaney
Helley,Joyneidez
Wenise,Mirezavis
Supce,Stité
Llat,Stité
Alasmon,Stiven
Ericia,Sellahaney
Estine,Alentonway
Darley,Alentonway
Tops,Stike
Asellux,Parbage
Weia,Parbage
Kylen,Staffersby
Walla,Swanardy
Tard,Nalanet
Achyon,Nalanet
Alderak,Nalanet
Betenif,Nalanet
Mardyon,Nalanet
Jell,Conie
Rantax,Conie
Landa,Ments
Kaye,Sextones
Shawne,Stenson
Trick,Weavesend
Kariel,Webstes
Warets,Watte
Guans,Watte
Maen,Cleminglas
Stene,Bradlerson
Minkab,Brathful
Tope,Valindle
Gluinol,Valindle
Alraixa,Graciansus
Alhain,Graciansus
Jilla,Rames
Margia,Harmond
Anniey,Hortez
Tonyn,Hortez
Annah,Josey
Jessa,Flemaney
Hamsp,Petie
Bath,Dinsprody
Taura,Dinsprody
Aldibi,Dinsprody
Cines,Ble
Muls,Mish
Jeron,Munozanson
Enibik,Baciffhaut
Pentard,Baciffhaut
Tin,Merce
Chard,Tramsor
Branev,Ousious
Alchium,Ousious
Bahoton,Ousious
Izark,Hednigic
Polam,Ousious
Hasich,Ousious
Isoton,Ousious
Lesley,Lamberguson
Deandy,Dickley
Minoton,Bootty
Melice,Herry
Gwendy,Holson
Greggy,Trankliney
Scotty,Trankliney
Guye,Wagnerray
Chael,Woodgezalez
Dicks,Chort
Muebix,Erle
Beeres,Erle
Cricks,Erle
Graven,Fone
Sugard,Fone
Flams,Fone
Askeid,Oillicaly
Gorn,Tecre
Camiet,Delazarson
Maya,Hardley
Chelsa,Burchanez
Loreen,Mcclayton
Hon,Kra
Joana,Flynner
Cores,Flynner
Ton,Gene
Arllia,Roachoanand
Bertle,Roachoanand
Gabrin,Buckeelez
Losp,Crité
Bases,Crité
Apple,Crité
Honjay,Crité
Muonon,Ormler
Seats,Brine
Oats,Brine
Rana,Brine
Lyny,Scheron
Dyonium,Hontichre
Mino,Hontichre
Pola,Hontichre
Maril,Rilley
Guteda,Sacle
Erie,Potters
Paulas,Klinson
Achyon,Ranaly
Feline,Carterson
Blancy,Pollarkeeks
Elina,Hodes
Stance,Hodes
Philda,Yorkland
Troyce,Yorkland
Scellus,Holatirint
Ankabit,Holatirint
Ellene,Gaington
Joela,Gainebergan
Rickie,Portananney
Cord,Anpie
Croos,She
Cakes,Gread
Patoya,Wolfaddox
Ronna,Powery
Millia,Powery
Craine,Santantines
Loresa,Santantines
Cowl,Pamca
Eleonon,Geoconne
Dory,Wooterston
Krisa,Yanton
Dilatik,Kiling
Aviton,Kiling
Chabik,Kiling
Tachir,Kiling
Duhrk,Kiling
Tran,Watie
Hadlam,Prucerod
Troyra,Grahangory
Errim,Trattle
Lidex,Deeke
Anack,Deeke
Oareel,Deeke
Eulah,Hammonton
Rionk,Paska
Phios,Cure
Nicey,Gordond
Glenna,Cardner
Ernice,Jarvey
Stal,Andackson
Leonyl,Saley
Misadr,Ticagent
Jeroy,Buckentry
Jabba,Cylistrand
Cineys,Winie
Lix,Winie
Rician,Torrez
Elanie,Hardson
Veroy,Santry
Josey,Carreralend
Grette,Dillips
Lorian,Josey
Bettie,Moodman
Vana,Nichoan
Garyan,Garnes
Annard,Garnes
Joandy,Camerrison
Grany,Cla
Wheals,Parté
Sug,Conie
Trohs,Conie
Jack,Conie
Arl,Lerez
Permit,Bert
Cheat,Bert
Lix,Concy
Goos,Erpie
Chard,Motive
Yapich,Start
Bubbix,Potte
Fis,Potte
Moss,Potte
Mothab,Dedometeel
Tetraix,Dedometeel
Stany,Haydenzier
Dixiel,Buchansen
Roswal,Sha
Flyros,Rhuba
Menkibi,Voliat
Briane,Sellahaney
Brank,Estein
Adanne,Wartyson
Denny,Mccarveymon
Jorgie,Haydenzier
Astorux,Missefle
Thaban,Missefle
Props,Missefle
Nute,Coflé
Pik,Apeau
Crans,Apeau
Vivia,Stantiagord
Erie,Rilley
Claine,Rilley
Sony,Rilley
Charry,Rilley
Jeanny,Rilley
Man,Rilley
Brene,Rilley
Izarfik,Unconary
Alendy,Mondsey
Naros,Reate
Mela,Bensley
Verly,Fitzgerson
Branda,Potthews
Johna,Currisones
Briam,Lewinton
Jilla,Bairdford
Lulah,Hamberterry
Elinda,Ewiseston
Lerion,Mcbritts
Charmus,Inghtal
Ran,Pread
Dyonevi,Sageng
Zaurah,Sageng
Thab,Sageng
Loree,Brighttt
Milyla,Waltonnedy
Tiney,Kramosley
Mesarix,Ennalve
Matan,Ennalve
Atikard,Fusimodent
Ashelik,Ainserfle
Ranon,Geraing
Hadalm,Ainserfle
Mins,Traie
Izarki,Fliblerolt
Elody,Hubbarrison
Danna,Toddleton
Frus,Burle
Ponts,Burle
Francy,Meltonway
Maiam,Oilloody
Arix,Oilloody
Astrah,Reeddommy
Alendy,Mclardson
Sanney,Mclardson
Hughy,Mclardson
Kimmy,Mclardson
Harlen,Mclardson
Troyra,Steeletters
Minoton,Hednigic
Halleth,Plegred
Weia,Hednigic
Arrain,Hednigic
Gwendy,Beston
Breney,Roycentes
Wasalm,Plattering
Holey,Rodger
Diandy,Valexandez
Clus,Walé
Grafirk,Aiming
Francy,Hughriend
Robyny,Hartz
Ritany,Quinnerry
Mesath,Imprank
Auvan,Frolestty
Zaninon,Frolestty
Fanne,Pottmanley
Neila,Mcfarmerson
Millie,Powenoble
Nakes,Dutte
Squars,Dutte
Pristy,Klindsey
Alatrix,Unfile
Hery,Noelan
Ecco,Gelle
Genibah,Presstic
Plat,Pimne
Glueba,Chuble
Deaney,Nieldson
Bonyam,Nieldson
Benew,Ramoran
Oaters,Meake
Crin,Meake
Smal,Meake
Wales,Meake
Ranutz,Knik
Pan,Nutte
Phams,Nutte
Frouse,Katte
Wenise,Meyersones
Giedir,Asoppor
Carona,Baxters
Ksorab,Couseced
Patsya,Gainney
Hanry,Strongers
Sus,Strongers
Scotte,Sweeton
Chadie,Carrishley
Wenten,Carrishley
Teda,Chpie
Alendy,Wardendez
Danna,Hoopez
Juliey,Santry
Rosey,Santry
Myrace,Carverson
Eilan,Hinesh
Tarmus,Poicaptic
Garry,Pacerty
Briane,Frazie
Set,Butte
Grumak,Pokerheed
Ebonyd,Braymon
Achbah,Fueling
Tera,Simstravery
Sts,Raca
Monam,Raca
Cellum,Oidederval
Tareson,Oidederval
Koops,Nan
Iandy,Sarios
Hamelik,Ageurante
Eleaha,Lambles
Jone,Walkerez
Lynez,Walkerez
Rald,Walkerez
Neutria,Sandul
Ernice,Stephendsey
Ianya,Peckers
Hilley,Sweene
Dessie,Maynardner
Polar,Geneltic
Garyan,Franton
Breney,Briggston
Teryla,Leodger
Hallus,Covetive
Sceres,Bancy
Therta,Lanks
Gollux,Reedall
Elson,Malliamsey
Chelsa,Pittson
Velyne,Pittson
Marfak,Polksy
Izaron,Polksy
Rica,Barris
Jilla,Alldson
Evane,Warrishales
Allene,Warrishales
Grake,Porki
Duana,Jacostaney
Nelley,Rushorney
Wein,Alcemblery
Gicks,Kin
Gwenda,Hinetthews
Achah,Cassiding
Marinon,Cassiding
Violey,Burryerson
Angars,Blate
Froops,Blate
Dyonon,Imprank
Shail,Parymider
Jerrye,Leodger
Caseye,Fuenterson
Hery,Kimons
Gracy,Vinston
Shaiam,Obedaming
Achyon,Obedaming
Hadaron,Stiviorad
Alpha,Stiviorad
Jona,Chaellerty
Skix,Kraie
Varkes,Kraie
Almone,Kraie
Minchib,Asticit
Alkeson,Asticit
Emmax,Avisnydes
Elene,Ryanglasey
Arlie,Sweett
Elanie,Sweett
Therie,Flynnis
Boats,Pette
Astorux,Fawnsive
Terly,Rocknight
Earlie,Solinez
Walles,Solinez
Tiney,Solinez
Eulah,Peter
Armen,Byerton
Carita,Steeletters
Triple,Vloaf
Hilley,Weaverays
Terrie,Weaverays
Verly,Emenez
Lyny,Frandriquez
Benny,Johnsby
Done,Lunapperts
Grios,Colle
Erice,Potters
Glena,Smalloney
Jimen,Bartez
Waffs,Hapie
Lorian,Youngrayes
Gailia,Lewinez
Alderak,Platch
Weidus,Platch
Wacks,Depie
Duana,Fulloydez
Tyrona,Figuez
Lar,Emone
Tamie,Blace
Glendy,Humphreyes
Allena,Hoppernardy
Tonyn,Sweeton
Lesley,Coxterez
Gimph,Fushausive
Eriky,Hewson
Joyton,Hewson
Teremy,Wiggs
Wen,Woodwin
Morrie,Sweekstarks
Lyde,Sweekstarks
Greggy,Sweekstarks
Walley,Sweekstarks
Shery,Flemaney
Alancy,Flemaney
Dory,Reyerson
Fayen,Norrison
Lyne,Bartez
Jeresa,Bartez
Kayd,Moranthons
Tonia,Cochrisons
Bethew,Acobsond
Zino,Kiling
Tareson,Kiling
Matan,Herpumble
Naosa,Herpumble
Sinon,Kiling
Weidus,Kiling
Juanie,Miltongson
Ellene,Wartyson
Dell,Wartyson
Chabik,Barmant
Berios,Shpie
Muonin,Suptibler
Alus,Harte
Nadie,Llonovancis
Caish,Leste
Bun,Leste
Spuffs,Leste
Aldun,Wassird
Coreee,Juartis
Velyne,Summington
Stany,Summington
Stenny,Summington
Wasatz,Spistory
Wimpha,Spistory
Camie,Prinson
Kaye,Prinson
Valey,Hubbarton
Weslie,Farleyatton
Ranuts,Frasp
Wilmay,Antoshipson
Joya,Blanglison
Elaney,Webstephrey
Melia,Wilderssen
Appers,Wala
Melvia,Blanglison
Verly,Chavezalez
Myrace,Nichaner
Bellee,Chavezalez
Bethew,Chavezalez
Chrisa,Harverez
Lilace,Leetersoney
Cort,Dal
Anamse,Dal
Basps,Dal
Trine,Dal
Crowk,Racke
Jorgie,Farleyatton
Warry,Leonzaley
Aude,Garzaley
Ericky,Gonzaley
Aliedy,Cleman
Nutz,Bra
Laude,Georgasey
Naomie,Knoxonway
Clard,Mcbritts
Algrafi,Heedry
Gwenda,Talls
Halsham,Unteckery
Shail,Unteckery
Wena,Beachez
Deany,Mcdon
Ockies,Prie
Yakers,Prie
Frandy,Warrison
Leenny,Gallard
Rald,Colleruces
Blanie,Valexandez
Cineys,Ble
Otlios,Ble
Cherkar,Braned
Keithy,Ingston
Willip,Clayson
Erina,Wolffy
Markar,Ingwhed
Aldebah,Ingwhed
Chios,Jaf
Weres,Staf
Kayd,Pughanders
Alraida,Dingauge
Teron,Objeciane
Duhra,Objeciane
Raque,Scheron
Dorene,Bardinard
Hellia,Ewins
Helean,Traverdy
Ret,Parte
Grake,Traie
Ste,Sfin
Pars,Sfin
Hion,Sfin
Kylen,Holcompson
Troyce,Wagnerray
Hellia,Carpennels
Nancey,Willangsey
Fany,Willangsey
Almary,Willangsey
Elly,Willangsey
Kayd,Pottney
Sheleon,Pronfraked
Gacrab,Pronfraked
Dills,Miste
Beass,Winie
Carona,Webstenson
Alhail,Drelcate
Essara,Simson
Tundsh,Weeke
Andine,Mcneiley
Ros,Cuche
Jel,Cuche
Cireal,Cuche
Heat,Frité
Boats,Dan
Leen,Willangsey
Blesh,Seen
Auvara,Ennalve
Batomam,Ennalve
Elebola,Opshaft
Stevey,Fielsenders
Jet,Kidne
Apple,Kidne
Arl,Oneidson
Rickie,Barnolaney
Evane,Barnolaney
Colly,Barnolaney
Jimen,Andackson
Lynez,Burnerez
Altanin,Praded
Weid,Dishocatal
Ritany,Bellyonsley
Guaney,Cako
Camonk,Cako
Kariel,Benney
Anes,Lake
Hadyon,Sobvisted
Dessie,Bowenasey
Scelava,Sofraten
Mergas,Sofraten
Wasaleh,Sofraten
Kerrie,Simstravery
Evaned,Pugherman
Molley,Barnolderg
Carlie,Barnolderg
Landa,Barnolderg
Dianie,Roses
Solam,Semageary
Bosonon,Clugete
Axinon,Clugete
Caia,Clugete
Azet,Clugete
Halleth,Clugete
Batares,Clugete
Edaron,Clugete
Lyne,Logannon
Paulie,Quinnerettt
Sonnie,Quinnerettt
Chadie,Vaught
Karie,Quinnerettt
Dona,Brookes
Gral,Coflé
Alfrey,Corman
Celeb,Ingascomet
Bahyon,Ingascomet
Cella,Ingascomet
Jayne,Hessey
Sterfik,Motter
Kocha,Motter
Zanino,Anderking
Mirfark,Anderking
Menchah,Radisiouss
Azhah,Heermy
Kumark,Heermy
Nusakab,Waring
Okulas,Waring
Wasath,Shoeweely
Sugbix,Terry
Brancy,Hughriend
Tifet,Sin
Samie,Mcneiley
Ryany,Gallandez
Janita,Lessonerry
Ers,Brin
Kaffias,Wasterivel
Walla,Summington
Kleeiak,Dischod
Reneen,Irwines
Mits,Pota
Wee,Pota
Ork,Pota
Alls,Nutty
Card,Browlerson
Elany,Browlerson
Harrie,Browlerson
Oraryn,Browlerson
Eriney,Browlerson
Erick,Matts
Hughan,Matts
Stace,Matts
Genubi,Sorticbar
Melica,Carpennels
Annah,Santry
Ivaney,Moodman
Eleonon,Presstic
Solam,Presstic
Mael,Lancis
Wasatan,Folhal
Rinnab,Tie
Lillen,Hubbarnett
Celava,Unrent
Vana,Powery
Arllia,Blainson
Helean,Brooker
Done,Brooker
Andyn,Alvasquez
Curtle,Alvasquez
Bethy,Pollarkeeks
Erick,Pollarkeeks
Scotty,Alvasquez
Ianna,Alvasquez
Bretty,Pollarkeeks
Luise,Vales
Lison,Mckinsond
Elanie,Fulloydez
Kaye,Huntt
Iree,Pentss
Karah,Gilleranks
Misamak,Fanchy
Wine,Alfordonard
Tricky,Alfordonard
Evenna,Hubert
Terope,Coweboded
Margia,Morrodgers
Snich,Purle
Newtch,Purle
Nelsie,Floydendley
Catha,Gainebergan
Marms,Emead
Sarthim,Geraing
Tope,Geraing
Aarone,Burryerson
Derina,Lambles
Lyn,Scottuez
Briany,Lancock
Merops,Pronfraked
Guye,Klindsey
Nelsie,Bookson
Antonon,Clugeadry
Tautrix,Drivery
Geno,Oderient
Valey,Schmondez
Landa,Ewiseston
Dony,Torrez
Cupers,Breke
Babix,Breke
Shres,Potte
Razzle,Potte
Hary,Erpie
Tauva,Cowsearney
Eulahy,Mcguirez
Glena,Scotterkins
Brafirk,Healted
Batses,Vloaf
Franda,Roberrenn
Hencey,Jacostaffey
Gorn,Pane
Melara,Hubbarrison
Teremy,Cruzaley
Claine,Willangsey
Ren,Howayery
Sadark,Dynigic
Antone,Leton
Andice,Tranciams
Dony,Handertiz
Enrie,Burchanez
Hal,Knité
Ricia,Weaverays
Jackix,Fache
Wilves,Pimne
Diles,Pimne
Nance,Flemaney
Idace,Fultz
Chelsa,Fultz
Sceres,Ponie
Scharab,Conale
Izarino,Conale
Elany,Bertsontry
Aldhib,Gulcepusy
Chamak,Plegred
Dscheat,Gulcepusy
Nica,Vaught
Naomin,Moodsey
Loria,Robins
Beah,Erry
Lyde,Quinnedy
Mamina,Carrishley
Winia,Quinnedy
Sethew,Powenoble
Moniey,Powenoble
Margia,Powenoble
Zaurah,Irintious
Alsham,Irintious
Andrey,Norrison
Diram,Plegred
Tachba,Plegred
Grafi,Plegred
Medib,Plegred
Regana,Gordond
Kitauon,Coillery
Pios,Make
Wale,Make
Muld,Make
Darley,Blandez
Sadrus,Quelfly
Arion,Quelfly
Ton,Tité
Tonnie,Masquez
Jilla,Gamberson
Carona,Gilleyons
Wen,Gilleyons
Lewise,Gilleyons
Jimen,Barbes
Wilmay,Barbes
Lilasa,Barbes
Wales,Gelte
Stote,Gelte
Joandy,Rigginsen
Sts,Mare
Hocops,Datty
Cathya,Alshipson
Kayd,Hurchez
Elindy,Fryes
Shan,Moodsey
Brank,Shermann
Pamiea,Harrenoldez
Darry,Mayder
Mistie,Flowensley
Karah,Horners
Batan,Balightal
Aske,Balightal
Sharie,Cleang
Isa,Cleang
Mamina,Cleang
Lulah,Cleang
Sps,Gerry
Dontch,Tepie
Beant,Tepie
Cings,Tepie
Fex,Tepie
Timmie,Paynard
Leony,Rothewson
Bet,Stre
Terta,Blandez
Alkeson,Exnutch
Anchird,Exnutch
Searla,Hestes
Iandy,Lanks
Timmy,Waterson
Dunch,Kuche
Aleen,Sykess
Gwendy,Sykess
Karia,Delez
Coxah,Coniple
Joyces,Caineson
Ellena,Caineson
Lillen,Mcgowaymond
Quarke,Fuleng
Stevey,Hoopez
Ritany,Daughttley
Rasatik,Resendent
Violan,Mayods
Berty,Mayods
Fredy,Mayods
Shard,Mayods
Fany,Mayods
Alvira,Foxter
Murie,Polliamposs
Trise,Hacle
Hatty,Lowelliott
Mathy,Meltoney
Berios,Apie
Cines,Apie
Frunch,Apie
Mes,Kake
Willah,Fryes
Hanne,Hodes
Adria,Cookentaney
Hellia,Popelase
Hanne,Colleruces
Guyne,Burtiz
Darlie,Blacks
Leony,Blacks
Bobbyn,Coopelandez
Alaton,Mornaned
Arkard,Mornaned
Muffs,Gres
Lerome,Foxter
Derina,Foxter
Prilly,Fulloydez
Evane,Lerez
Andona,Winsley
Genee,Nichoan
Andace,Kinson
Preo,Higast
Therie,Macdonadows
Alik,Spedlinale
Goles,Apeau
Wheard,Shbre
Whark,Cres
Ars,Cres
Seginon,Asoppor
Beneb,Asoppor
Sadra,Rodwative
Sarid,Sageng
Goros,Sageng
Elebola,Sageng
Proxima,Sageng
Weia,Sageng
Melvia,Adavisons
Mael,Adavisons
Maryne,Adavisons
Duhrid,Drelcate
Jumars,Pead
Hont,Pead
Artis,Hanghanson
Lina,Popez
Tonioe,Ments
Allene,Noeley
Dandy,Cartez
Hughan,Cartez
Emilla,Cartez
Gabrin,Gilleranks
Anae,Sancasey
Lios,Lette
Croo,Lette
Jerek,Mcleaney
Leenny,Pughanders
Anda,Jimes
Luxion,Coarswing
Walles,Wellenez
Sadine,Simson
Tabih,Ailled
Cella,Ailled
Zinor,Proorbeng
Unukath,Proorbeng
Arkar,Distured
Gorab,Distured
Alzird,Distured
Hamak,Distured
Gimph,Distured
Kimena,Thorney
Annon,Thorney
Canonon,Righturter
Markton,Wassird
Teronan,Conaly
Rotanin,Wassird
Rasaleh,Wassird
Antino,Wassird
Bra,Combson
Arllia,Mccarveymon
Bony,Williotters
Eduana,Williotters
Naomin,Gordond
Timmie,Webstes
Byrona,Alfordonard
Russey,Dillips
Morms,Melte
Toniel,Sweene
Clues,Erle
Krus,Prist
Lan,Roachoanand
Hones,Man
Powhex,Betie
Katiey,Gallencis
Caphird,Crioncery
Leneva,Sosalinson
Tanley,Sosalinson
Eilace,Hardley
Karay,Talls
Teryla,Keithunts
Hollie,Cooperkins
Gerly,Cooperkins
Joandy,Barbes
Andrey,Cooperkins
Irmark,Barbes
Bobbyn,Barbes
Everly,Barbes
Julin,Fryan
Koops,Haste
Wat,Haste
Bara,Vines
Jerek,Jeffey
Anny,Jeffey
Kirky,Jeffey
Sumpix,Dal
Yakers,Swin
Ancham,Spandisket
Diram,Whealeed
Maham,Spandisket
Winon,Whealeed
Herina,Oconley
Harrie,Klindsey
Repart,Flité
Izares,Waring
Baton,Waring
Therie,Shawforden
Sceros,Gin
Karia,Sotond
Dirius,Boderbint
Anchird,Boderbint
Eang,Madan
Almino,Slable
Krab,Slable
Kimena,Puckley
Alcorux,Bealvewd
Tricky,Potters
Croo,Nuthe
Alyadum,Barmant
Shamak,Clumshangs
Duhratz,Clumshangs
Bahoton,Clumshangs
Carma,Woody
Tot,Seche
Izarkab,Clidly
Rosiey,Ayalazquez
Hocks,Fiha
Aarone,Hoppers
Okulk,Unicting
Sarid,Stivelte
Marin,Supiensive
Coxaton,Supiensive
Skyrmak,Clidly
Millie,Batestonley
Alcorix,Spistory
Benja,Mcdowns
Chary,Guezaley
Kyley,Briggins
Shelle,Simmonders
Weers,Merie
Gordo,Fitzgerson
Tark,Replic
Idace,Burchrison
Samany,Burchrison
Tors,Hac
Karie,Shephendry
Lynnie,Pager
Lychex,Butte
Oahars,Hapie
Keitha,Grahangory
Everly,Garrincent
Rankie,Pughanders
Enrie,Hinesh
Janita,Hinesh
Cor,Che
Prabon,Che
Paulia,Thony
Ronne,Thony
Salley,Crosarios
Errima,Fullous
Hyaduma,Fullous
Neutrin,Crakenecal
Ankark,Crakenecal
Ankabih,Idivent
Arid,Idivent
Gwendy,Savaraldez
Lis,Delazarson
Pharmus,Reming
Izarfik,Replipent
Thewis,Hahnstonsen
Giedion,Drelcate
Enifak,Drelcate
Elenna,Mulley
Vina,Chardsons
Tyle,Carreralend
Card,Carreralend
Dessie,Carreralend
Dellie,Rostarks
Furuson,Oilloody
Glena,Dicksons
Lorey,Torrez
Furuson,Entenedy
Arraid,Entenedy
Judya,Josey
Duckes,Conie
Kencey,Lopelases
Therta,Harperez
Terina,Lopelases
Ots,Blan
Vanard,Hinglendez
Jeane,Dukertyler
Valex,Dukertyler
Jayrin,Sau
Joanry,Barbes
Dorice,Barbes
Eristy,Barbes
Weznif,Patimonne
Dabik,Patimonne
Raceky,Logannon
Zauri,Foraud
Rayne,Cofferson
Shery,Cofferson
Elanda,Cofferson
Toniel,Kennetty
Cella,Fatted
Ferry,Thony
Tyrony,Thony
Armen,Conleydenan
Iandy,Tuckers
Daisya,Connelson
Leony,Ricews
Roydo,Ballocks
Essara,Scotterkins
Lavey,Waltonnedy
Andace,Thonyderson
Marily,Monroellynn
Juanna,Fisheparks
Diandi,Hinglendez
Walla,Hodes
Camina,Wonglasquez
Ebonyd,Lynnerett
Deanny,Wonglasquez
Phernar,Oderient
Karay,Dicksons
Nadie,Dicksons
Keithy,Mallerez
Shally,Alest
Sallos,Part
Rayle,Pugherman
Estina,Cardner
Arin,Fringh
Almino,Earmeter
Quarkib,Fringh
Branev,Fringh
Wenise,Sterson
Carita,Villenson
Askedus,Retefule
Millia,Watsongley
Flams,Spane
Spuffs,Spane
Pokix,Perte
Aleen,Sancasey
Jordy,Sancasey
Muonan,Mosteraked
Elicia,Solivers
Benny,Perrerojass
Pennie,Staffersby
Warry,Robins
Tonia,Englence
Miten,Watte
Sanda,Dillestron
Vana,Dillestron
Camina,Dillestron
Bases,Batte
Tyle,Webstenson
Claura,Webstenson
Line,Webstenson
Heryle,Paulllegory
Sesh,Giba
Iria,Chavezalez
Fredy,Moraleney
Alam,Iderinelay
Hollie,Blainson
Cakes,Make
Sall,Barkeretton
Zavior,Waring
Solaron,Waring
Tors,Breke
Allota,Fincy
Barave,Chake
Lavey,Hopez
Jurbet,Minen
Bet,Minen
Bleark,Minen
Donut,Minen
Fams,Minen
Tyog,Minen
Cocowl,Minen
Andrey,Mcgowaymond
Cinets,Pamca
Calvia,Dyers
Lorian,Parsoney
Camily,Mirandry
Alicey,Franankson
Yola,Fielsenders
Elindy,Reyervaney
Kerryn,Savaraldez
Frandy,Alest
Ivaney,Holcompson
Hekark,Diateous
Breney,Wheelez
Gibil,Barte
Emoles,Barte
Elle,Bakerson
Billya,Merce
Elson,Curton
Alfrey,Santry
Lestie,Santry
Stevey,Chanan
Guadae,Patrichane
Therry,Blancoy
Rosey,Sawyerson
Wenny,Sawyerson
Wine,Jarvey
Eillis,Torrez
Anack,Trad
Clers,Bache
Line,Santantines
Jeresa,Burchrison
Erice,Burchrison
Keithy,Burchrison
Monald,Coley
Dell,Chavezalez
Amela,Moodson
Leneva,Mulley
Juline,Bradamss
Maril,Fielsenders
Elicey,Cardsay
Ine,Sweekstarks
Sylvin,Casez
Thery,Casez
Diskeon,Stering
Gies,Laai
Cin,Laai
Ronne,Adavisons
Hekaron,Gleroling
Decruxa,Stewder
Coxatik,Gleroling
Coxah,Gleroling
Artis,Beckeey
Choney,Sinda
Tauxon,Wincer
Antone,Cardner
Cheats,Butty
Anakes,Canie
Murie,Mejiaddox
Lynnon,Wolffy
Stanya,Adkinson
Evan,Hermanapp
Alballa,Brailidy
Stald,Moodson
Carold,Moodson
Carma,Garnettiz
Francy,Garnettiz
Miten,Kniva
Violey,Jacostaney
Duckes,Brazo
Alcyon,Hariourcal
Dhenar,Blanspe
Bel,Mcfarley
Shalle,Leonaldez
Jarena,Goffey
Nelle,Goffey
Vick,Goffey
Annah,Morsentley
Wandy,Goffey
Alley,Brantuarez
Nelsie,Puckley
Minies,Curle
Doryn,Bradlerson
Goos,Hotte
Ainor,Ingetrody
Rician,Pollarkeeks
Whee,Ruité
Gerry,Georgasey
Gerek,Georgasey
Agnesa,Hickson
Allara,Cainghannon
Naosura,Dicomeng
Shail,Tertchty
Marky,Lanks
Felia,Portananney
Ronna,Cohendright
Charly,Mirez
Loree,Byerson
Mollen,Lewintos
Chrisa,Norrison
Thelix,Hultz
Propsh,Clumshangs
Luxion,Clumshangs
Hadiram,Gloother
Atrinon,Persed
Ankark,Persed
Almary,Gordanieves
Mirark,Scoudelle
Ronne,Meleon
Ivaney,Flynney
Saxinon,Unaasor
Andan,Stannondez
Garley,Stannondez
Winia,Stannondez
Elicia,Mejiamsey
Jaimez,Tuckers
Hellia,Gilleranks
Antone,Sellentry
Troya,Schwardson
Leene,Schwardson
Annez,Webstenson
Gorab,Unprive
Ellena,Jenson
Mabela,Jenson
Adriet,Combson
Pios,Emone
Slix,Seen
Caiah,Headfair
Krazet,Headfair
Choney,Clake
Apix,Clake
Bony,Handertiz
Hone,Erflé
Elanda,Roses
Dandra,Roses
Idary,Owery
Terly,Roses
Racyle,Roses
Billey,Wolffy
Sug,Fincy
Aston,Spedlybood
Stote,Wala
Shalle,Barrison
Armene,Woodgezalez
Vanley,Woodgezalez
Raque,Ellahan
Fanna,Chenson
Alhair,Inderly
Valey,Clean
Samie,Valey
Magnon,Antcal
Phonons,Antcal
Whers,Meake
Briane,Morrows
Wilmay,Pooley
Benda,Barrelliver
Vandy,Hewson
Lerome,Hewson
Beathy,Englence
Coxark,Couseced
Ashira,Stpingepid
Schird,Stpingepid
Zaurion,Gocent
Arino,Gocent
Walles,Fishopper
Sylvin,Curton
Castork,Tractive
Neshath,Tractive
Benny,Carvis
Brina,Loway
Kimena,Torrez
Claura,Booneid
Axionif,Neceriont
Herms,Chcak
Dia,Cartez
Letta,Hurchez
Cheddin,Castery
Nesham,Assibler
Sheleb,Assibler
Hallux,Assibler
Burbix,Horte
Tonald,Hickson
Wasaleh,Dister
Ranan,Dister
Olgary,Matts
Billey,Conney
Trohs,Hapie
Leence,Anthon
Kumark,Dressink
Timyra,Hammons
Sharie,Gallenry
Therly,Knoxtones
Gretty,Charpelaney
Wacks,Burta
Sex,Burta
Wins,Bate
Man,Hendrewsons
Gerly,Gaineyerson
Ambert,Guezaley
Rayley,Castannison
Lorian,Vandan
Tonyn,Welles
Verney,Bradlerson
Mesh,Pread
Patoya,Maynardner
Weion,Exibuctich
Menchah,Exibuctich
Deanny,Lynnerett
Joana,Lynnerett
Kayne,Giller
Verek,Buckeenez
Jasony,Buckeenez
Dixiel,Ryanga
Aarone,Fowlaney
Altara,Righturter
Megany,Humphreyes
Delody,Traverdy
Unukath,Sandul
Megany,Irwinson
Gomeron,Clindy
Sugark,Cusa
Jeandy,Hobbinson
Sadirab,Craleve
Alam,Lansuffle
Cellah,Lansuffle
Zinoth,Lansuffle
Plas,Lansuffle
Wasaleh,Lansuffle
Alaslon,Craleve
Froder,Paska
Delley,Moodson
Scotte,Browlerson
Man,Freevenson
Penne,Browlerson
Julion,Cobson
Felia,Cooperkins
Mesath,Wassid
Apuffs,Facle
Eleaha,Wallerson
Leenny,Palmes
Aude,Palmes
Lucan,Killé
Lorey,Fishopper
Cary,Pagedy
Gerry,Sterreray
Sallie,Fryan
Joyn,Hartley
Shelle,Kimons
Weia,Plattering
All,Pittler
Viviay,Oconley
Eriky,Moorez
Crisey,Moorez
Joana,Moorez
Aviton,Gocent
Aldibah,Contery
Cheliak,Contery
Gluebah,Contery
Candyn,Gregordy
Tonyn,Bartines
Mirakis,Amincrerus
Emmax,Water
Fayene,Hickett
Dirfak,Oppressive
Okulus,Oppressive
Gracia,Houseson
Ellard,Kinson
Ianne,Kinson
Marlly,Warrishales
Franda,Warrishales
Heald,Alldson
Iree,Oconley
Louisa,Pooles
Lyne,Camerrison
Powl,Shcad
Anton,Pearsalason
Racyle,Ingston
Lesaten,Stiven
Alramak,Stiven
Pattin,Weavesend
Rosiey,Floways
Goles,Teake
Breney,Conleydenan
Gaylah,Whitneyes
Luison,Beston
Jele,Balle
Tabbah,Wasede
Alark,Stivelte
Belly,Woodwinez
Sall,Woodwinez
Lesley,Woodwinez
Harlen,Woodwinez
Janee,Canton
Marynk,Hanghanson
Claura,Hanghanson
Elany,Hanghanson
Philia,Hanghanson
Ellena,Moodmandez
Anniey,Baketton
Dscha,Sedece
Mistie,Leonaldez
Lavey,Jeffey
Bryany,Chapmaney
Alatrin,Sprender
Asellan,Sprender
Sanda,Gilleyons
Zaninon,Subateful
Alduson,Subateful
Landa,Rivanseney
Sadir,Alaring
Mergas,Alaring
Janne,Yatters
Henryn,Joycerton
Brie,Moodsey
Carlie,Kirks
Wen,Gibbsonton
Aston,Boltund
Dyonon,Boltund
Algedia,Unaasor
Marf,Wasterivel
Aldera,Wasterivel
Olliey,Brownings
Eriey,Weaves
Len,Weaves
Sonard,Sterreray
Dia,Watkinsley
Arlie,Woodwinez
Muffs,Blan
Wins,Stpie
Cray,Stpie
Jur,Stpie
Lles,Buncy
Mabley,Gallencis
Milly,Kité
Weaffs,Kinie
Tetra,Roftfuling
Cupers,Boste
Garyan,Briggins
Giedia,Seadler
Sonard,Bootez
Brinez,Bootez
Benda,Loway
Bertle,Calhounez
Sylvin,Haynardy
Ernice,Joynewtonks
Beals,Blan
Latsts,Perty
Gollux,Folhal
Schird,Oinded
Dellie,Waderoachez
Azet,Rocketedy
Kene,Macdonadows
Prah,Bla
Timyra,Peterstarks
Dianya,Johnsondez
France,Johnsondez
Ine,Litthews
Stenny,Pagedy
Natha,Ricews
Dorice,Bailes
Artis,Sancockett
Rice,Camerrison
Marine,Oneiles
Terrie,Mayder
Caish,Chrie
Elfs,Chrie
Mes,Pimne
Tin,Monroellynn
Aarone,Monroellynn
Sallie,Waltonnedy
Lopedo,Ruité
Stoate,Queke
Slig,Queke
Colly,Powery
Gibil,Razo
Andra,Drakeekss
Annaha,Rivanseney
Tostex,Pri
Justie,Miltongson
Thel,Miltongson
Helley,Philliames
Karene,Pecketton
Chon,Ban
Ellana,Grahangory
Altares,Persed
Walley,Prickmantes
Eulah,Bakericks
Alvia,Daviddley
Regana,Barles
Troya,Cofferson
Joyn,Moraleney
Hencey,Casez
Poselk,Sidie
Ral,Graie
Hoces,Graie
Adanne,Mosepherry
Coxaton,Queldry
Weney,Mckinn
Fow,Lacke
Gorice,Lacke
Sergia,Camerrison
Karene,Camerrison
Belly,Barbes
Vina,Landolphrey
Gabria,Callowery
Clech,Colle
Eltaird,Dianket
Coreen,Masquez
Unukath,Tiouserful
Cheeet,Ruity
Prish,Ruity
Ivanne,Johnsby
Hary,Wiggson
Ollip,Hopez
Nelly,Cruzaley
Allia,Barris
Barkix,Sidie
Karlen,Singtons
Danie,Blacks
Naomie,Coleyanglas
Muonin,Veriedeezy
Zinonon,Veriedeezy
Genubi,Veriedeezy
Alrairk,Veriedeezy
Joela,Franey
Grawk,Prité
Suhelik,Subateful
Stmeal,Horte
Guanch,Boyst
Taraid,Aillyber
Brance,Vandan
Elindy,Callowery
Andine,Hales
Helly,Hestes
Amela,Hurles
Ebonyd,Swanardy
Pulchib,Quidedbolt
Grafi,Quidedbolt
Ranons,Ingent
Milda,Woodwin
Ralda,Acobsond
Andrey,Fisherry
Glena,Vanglis
Dessie,Polloantes
Willey,Puckley
Basps,Rasty
Ianya,Norry
Hon,Late
Eriky,Dyers
Adrie,Dyers
Nelle,Alfordonard
Newtch,Gen
Resers,Gread
Apench,Flité
Jet,Gen
Burs,Flité
Shood,Gen
Sumpid,Gread
Elica,Tranciams
Skatik,Fushausive
Ruchban,Fushausive
Wasalm,Droning
Kencey,Franchaney
Jacky,Jacostaffey
Thondy,Booness
Yilduno,Hoodjuded
Zaurion,Hoodjuded
Ernard,Willy
Cherry,Cruzaley
Beula,Mcfaddenson
Tabdhib,Spadicage
Polah,Spadicage
Aarone,Batestonley
Atonea,Diateous
Nasliak,Diateous
All,Leonzaley
Millia,Bairdford
Clarry,Kimpson
Andie,Burnewman
Lanedy,Youngrayes
Dow,Conca
Gratsp,Meake
Camiet,Mcbriggins
Ork,Blees
Spuffs,Fla
Mela,Quinnerettt
Ricard,Kirks
Timmy,Hanner
Alrairk,Proorbeng
Mino,Shoeweely
Mos,Tirt
Diandy,Wallerson
Gemmam,Crantiale
Axionon,Pippoppere
Lesat,Femoused
Rica,Hoppers
Ellena,Burtiz
Poloos,Butte
Shally,Reyersendry
Dia,Figuez
Hary,Jaff
Patoya,Pittler
Nancey,Pittler
Melica,Emenez
Jillie,Emenez
Kencey,Patteraley
Thery,Fredersend
Wealke,Ramad
Genubik,Alcemblery
Arid,Alcemblery
Colly,Hodgesss
Weslie,Hodgesss
Marine,Hodgesss
Sterion,Dedometeel
Beal,Chort
Batenar,Colensid
Gomeron,Colensid
Asellum,Colensid
Izarkab,Ticiontral
Bram,Colensid
Luxons,Colensid
Plas,Pringrous
Beten,Pringrous
Asellum,Pringrous
Polluma,Pringrous
Feryla,Whitledges
Alaron,Holiabler
Geons,Holiabler
Elebara,Pleele
Enibah,Pleele
Elsane,Cabrewsond
Billex,Sykess
Lish,Kart
Troyce,Folemonley
Murzima,Singmage
Shan,Blange
Ronia,Gainebergan
Lindy,Bradamss
Evendy,Estron
Thel,Francock
Claura,Petermandez
Kimmie,Hurchez
Alyat,Oidederval
Heersh,Burry
Cellex,Mccarry
Igrish,Fiha
Alhail,Fulatorly
Wezna,Fulatorly
Elenay,Moodman
Julion,Moodman
Book,Shrie
Karlie,Huntt
Karlie,Hubbarnett
Evane,Brightez
Evaley,Wellierras
Janne,Wellierras
Ward,Wellierras
Joanry,Wellierras
Lewise,Wellierras
Therry,Wellierras
Fanna,Wellierras
Asellux,Alaring
All,Brookes
Janney,Morgerson
Lawren,Morgerson
Koat,Peane
Alls,Peane
Lios,Peane
Vandy,Whitez
Dorene,Boyersons
Teryla,Belley
Megany,Belley
Castab,Unregul
Sta,Roachez
Spuri,Clunic
Almone,Raste
Mela,Brookes
Prow,Potte
Netty,Youngrayes
Bens,Aneetle
Gers,Sames
Jeroy,Franankson
Harlos,Coffmaney
Alark,Noxiong
Monard,Grifford
Paulah,Cleachrand
Landa,Cleachrand
Cathya,Pollarkeeks
Loreen,Cleachrand
Ronia,Pollarkeeks
Lerome,Cleachrand
Neila,Pollarkeeks
Jacats,Pité
Debony,Estiagosen
Annon,Solon
Joelan,Burrilllins
Chery,Hendrys
Isaacy,Salin
Olgary,Toddleton
Deaney,Handertiz
Sallie,Handertiz
Elenna,Raney
Loresa,Barnolaney
Stisps,Sin
Luise,Francock
Glenna,Valezaley
Antony,Frederry
Scharab,Disheract
Alatik,Disheract
Girtan,Oilpuring
Dira,Disheract
Cornys,Pie
Briam,Pottonalden
Eulahy,Pottonalden
Dia,Beckeetter
Brinez,Howenters
Rone,Bertsontry
Tyrona,Barnoldeney
Mergak,Headfair
Lesley,Nolds
Shanya,Mcgowaymond
Eriney,Mclainez
Comats,Sepie
Bonya,Boltond
Hanna,Fishopper
Colatz,Gine
Kies,Gine
Marfak,Geneltic
Idace,Vinozarks
Candy,Josesh
Cellex,Anthompson
Keidus,Ametic
Lynnee,Bonder
Gileen,Figuez
Totse,Stake
Ninald,Bardinard
Tamin,Bowenasey
Beals,Perie
Benew,Pentss
Sanney,Lerez
Lestie,Hoppernardy
Hon,Nacke
Tark,Nacke
Moss,Nacke
Valey,Currisones
Lorey,Wiggs
Ter,Teake
Jeandy,Monroellynn
Naish,Muste
Dorey,Jarvey
Brada,Raney
Rald,Mcphernard
Man,Solon
Idary,Leeves
Yolana,Flowensley
Leondy,Johnshines
Carley,Harmond
Grake,Datty
Mollen,Bookst
Nance,Bookst
Brance,Johnsby
Elara,Patrichane
Blesh,Che
Golaron,Folhal
Luise,Arner
Nunkib,Suptibler
Hasich,Suptibler
Analdy,Bardina
Joela,Gordanieves
Allara,Llovers
Eulah,Crayeson
Marily,Lopelases
Alber,Lopelases
Meal,Wate
Alraida,Purellliss
Eila,Haydenzier
Pebuts,Burry
Ireen,Goody
Glasey,Foledges
Dorice,Kellson
Minus,Valindle
Curtle,Hoppernardy
Karlie,Beckerson
Froops,Shrie
Eet,Shrie
Dia,Mckinn
Hilley,Mckinn
Caphirk,Apenelexy
Mariton,Apenelexy
Alchird,Apenelexy
Preonon,Switud
Phacton,Switud
Wen,Georgasey
Dicks,Cusa
Sabiton,Parymider
Winork,Parymider
Loree,Mathison
Zauri,Forous
Keidus,Forous
Enryn,Romason
Minon,Fouseding
Alsafik,Fouseding
Lyde,Whitez
Arrai,Crantiale
Stey,Cry
Guits,Crité
Minopus,Oilpfulle
Ashir,Witeronfus
Chelik,Fatted
Dianie,Brownings
Smonch,Bau
Sil,Start
Derry,Danielps
Gorn,Traie
Goldch,Traie
Dhena,Sorbitter
Mahamak,Sorbitter
Glene,Bakerson
Dwin,Meltoney
Weers,Chort
Benebah,Frintful
Quid,Dutte
Majoth,Sernator
Alinon,Sernator
Joycey,Hoppernardy
Etha,Shawatson
Alatrix,Sometery
Coxak,Sometery
Emmax,Vincenton
Wafox,Prin
Rios,Prin
Oafron,Prin
Eliana,Larlowelley
Marlly,Gamberson
Arlen,Vincenton
Dorice,Vincenton
Teryla,Vincenton
Grafik,Obnoftle
Branasl,Glisormal
Aldera,Glisormal
Nusoton,Flesping
Chios,Katte
Sups,Katte
Wor,Katte
Barave,Katte
Castab,Clarty
Pennie,Loway
Herina,Loway
Ireene,Loway
Jerek,Casonston
Con,Brele
Snoles,Brele
Acceleb,Unrent
Miloss,Lepie
Koops,Lepie
Janee,Lamberguson
Sheratz,Suptibler
Spuri,Suptibler
Luxinon,Supriouse
Berta,Sweeton
Made,Nasquez
Gretty,Pentss
Eulah,Conney
Ianya,Conney
Kayd,Chardsons
Lilace,Woodwardy
Lardy,Cardner
Alasmon,Meteet
Alphact,Meteet
Weias,Meteet
Duhra,Meteet
Jeane,River
Benew,River
Judya,River
Adammy,Coolerson
Breney,Coolerson
Conk,Flé
Cindee,Flé
Terta,Villenson
Neutrix,Cisorter
Lies,Cakie
Ban,Cakie
Res,Fle
Treynx,Fle
Pon,Stpie
Carde,Kniva
Want,Jamai
Pikes,Jamai
Babix,Scake
Hery,Bardinard
Ries,Jamai
Oakes,Seche
Aptal,Chnik
Unch,Seche
Vere,Cone
Garion,Dawsoncis
Claura,Dawsoncis
Homamin,Brakepined
Zedark,Brakepined
Hekaron,Brakepined
Ainoxa,Plattering
Vana,Hopez
Gracia,Gallard
Yolas,Peckerson
Rassias,Freednal
Elaney,Chanan
Tera,Coley
Annard,Armstromez
Paulie,Stanleyd
Karlie,Stanleyd
Tarah,Barks
Idave,Kerristicey
Graviph,Amoutake
Sadlam,Amoutake
Sethew,Lardsonald
Sealfs,Queke
Herina,Popez
Apies,Pine
Oafron,Babre
Idave,Owerson
Gerry,Mondsey
Helean,Wagnerray
Kendre,Merkins
Violan,Popez
Terta,Chasey
Alrais,Fordulgaug
Tach,Improus
Mariton,Improus
Meratz,Improus
Mesonon,Improus
Hallah,Roureed
Janney,Johnsby
Allena,Sullones
Swoass,Giba
Artis,Casonston
Sarid,Geakerat
Wally,Davispinoz
Benny,Ballocks
Ricard,Gainney
Craine,Gentledges
Luse,Gelie
Chael,Avidson
Leene,Vandan
Bara,Vandan
Gies,Ban
Penne,Douglasen
Kris,Swin
Rank,Curle
All,Curle
Jacki,Ingston
Adamie,Ingston
Glenna,Leodger
Anae,Oconley
Lillia,Waltonson
Rassias,Iniouser
Halsham,Noxiong
Eleon,Scerodbox
Gera,Sosanturney
Paulas,Boltond
Berty,Whiters
Zaninon,Parbage
Navior,Ranaly
Lilly,Webstephrey
Carry,Kimons
Eriky,Willy
Eduana,Stannondez
Gracey,Coxterez
Samie,Weberts
Krab,Pentical
Jabbab,Geousty
Castram,Geousty
Mirfark,Geousty
Honey,Stike
Pank,Pimne
Shelik,Sofraten
Daven,Perkings
Cliney,Thorney
Mollen,Garnettiz
Rena,Ashipeck
Alfrey,Shieldson
Alchium,Ressighty
Ziba,Belstrut
Misa,Belstrut
Pattin,Cardner
Pies,Welto
Relix,Welto
Rana,Welto
Worms,Ble
Mothab,Doorge
Tarah,Cleachrand
Maryn,Mcintons
Francy,Mayder
Quarkab,Supred
Felice,Beckeey
Rancy,Beckeey
Noria,Beckeey
Jodia,Rigginson
Frunch,Sutte
Bosonan,Boderbint
Dabiton,Boderbint
Swack,Merte
Manth,Merte
Helle,Bucknersony
Kimmie,Leson
Stany,Hoopez
Jodip,Burchrison
Royce,Douglasen
Candra,Douglasen
Elancy,Douglasen
Molley,Hurles
Jilly,Hurles
Eggies,Wate
Mark,Prity
Naschab,Forous
Giedia,Arterate
Tyog,Ses
Heryle,Daughessey
Garry,Leetersoney
Jackix,Cake
Nelle,Gregordy
Libers,Pre
Apix,Wala
Stisps,Chrie
Kimmie,Mickersones
Timmie,Daviddley
Permit,Must
Jarena,Ballocks
Ollip,Ballocks
Thel,Ballocks
Wandy,Summington
Heidie,Santry
Beneba,Glousspidy
Guink,Corte
Dennya,Fielson
Iree,Kimons
Matty,Rigginsen
Chery,Rigginsen
Bobina,Leonzaley
Paulah,Leonzaley
Sony,Reynoldez
Racily,Reyervaney
Callix,Curie
Herina,Cartz
Raceky,Cartz
Doryn,Cartz
Lindy,Fishopper
Oraine,Gainebergan
Patoya,Meyersones
Whark,Teake
Coreen,Bushins
Crisey,Mcbriddley
Aleroy,Bushins
Gorice,Fisty
Yogal,Fisty
Eilace,Chanan
Marice,Williotters
Alteron,Emetillove
Gatrin,Emetillove
Monard,Walterson
Wasaleh,Clindy
Luise,Franankson
Stelly,Salez
Harlos,Ramoran
Idave,Carverson
Asch,Simous
Cheliak,Simous
Izarino,Simous
Tarrak,Simous
Zaninon,Simous
Duana,Figuez
Darrie,Mcinton
Genons,Brantcable
Bottom,Brantcable
Violan,Burchanez
Furudra,Timleplet
Menchah,Timleplet
Idace,Barrilloney
Sony,Barrilloney
Taurius,Frogauded
Evane,Chavezalez
Allena,Blacks
Boon,Gene
Rancy,Vincenton
Craine,Vincenton
Wenten,Monrad
Dianie,Ellahan
Oraine,Jorden
Chery,Charpelaney
Hock,Grean
Therek,Bryants
Fredy,Smalloney
Sealfs,Sutty
Krus,Betie
Corse,Betie
Wifel,Betie
Stal,Ocherman
Valex,Lopelases
Brance,Shephendery
Patsya,Harverez
Salley,Harverez
Rayne,Harverez
Annaha,Harverez
Melvia,Harverez
Smark,Parté
Shain,Rinicapead
Popow,Sake
Teron,Pabler
Terops,Pabler
Weznif,Fandomatty
Naviton,Impress
Bosonan,Coniple
Sadirk,Unaring
Sergia,Mcgoway
Whee,Cure
Achib,Heedry
Jacky,Hortis
Apsps,Terte
Margio,Lardsonald
Thery,Cardsay
Guadae,Jeffey
Lonnez,Browlerson
Phia,Buckentry
Duhra,Fulous
Hanry,Larlowelley
Iononus,Fictful
Mesatik,Fictful
Dilath,Fictful
Navior,Excialing
Ianna,Antoshipson
Evaley,Marson
Cowlat,Gooki
Therek,Thony
Goos,Corie
Hammet,Corie
Hadirk,Wheededly
Smats,Bane
Trisp,Bane
Anton,Vantonson
Nancey,Willynnedy
Acruxon,Unregul
Sarthim,Unregul
Jonard,Leblanchez
Alls,Birte
Zinonon,Frolestty
Andyn,Brenney
Berly,Vinozarks
Grey,Ancy
Lynnee,Wooterston
Walley,Brightez
Clarry,Dillips
Brene,Hanner
Coats,Erle
Gabrie,Reenez
Kad,Gele
Jabbab,Cattyried
Suhain,Cattyried
Gleney,Ortinericey
Glena,Coolerson
Benry,Gallenry
Sharie,Gallenry
Kendre,Coolerson
Wilmay,Coolerson
Verek,Beasleyes
Idace,Hersons
Guye,Meadoney
Monch,Buth
Corse,Snoff
Jeanna,Vandez
Loisey,Vandez
Lyney,Merkins
Lloyde,Parsoney
Margia,Gainebergan
Paulah,Weavesend
Nica,Berreranks
Benda,Berreranks
Eddiey,Polloantes
Celis,Bucknersony
Beeres,Kine
Pefox,Sau
Slix,Kra
Soyos,Kra
Stmeal,Kra
Joelan,Schwardson
Cines,Minen
Goleer,Minen
Kad,Homin
Caw,Panad
Menkibi,Mander
Photope,Caltilter
Gluinol,Mander
Alancy,Mcbritts
Cary,Mejiaddox
Adriet,Moodman
Jimmyn,Berreranks
Taban,Aroodint
Melica,Casonston
Coreee,Beasleyes
Tany,Watkinsley
Allene,Belley
Min,Nichoan
Ernard,Nichoan
Sta,Nichoan
Terta,Nichoan
Jeanie,Moodsey
Tabiton,Prearright
Florey,Boltertley
Lawren,Fielsenders
Eilan,Solivers
Karlie,Gordanieves
Tonnie,Houseson
Min,Parrett
Gracia,Carterson
Evaned,Kellynn
Cints,Backe
Izarfik,Holiabler
Amandy,Munozanson
Deaney,Avisley
Evendy,Sosalinson
Russey,Miley
Dwin,Adkinson
Pent,Sessiouse
Danna,Yorkland
Elanda,Hermanapp
Sadirux,Urablele
Tarino,Unrespery
Mamina,Monsoney
Teron,Healted
Swaffs,Dutty
Winon,Cousel
Gileen,Vandez
Dont,Sterreray
Nelly,Gordanieves
Carly,Scottuez
Minus,Roforhauge
Marinon,Roforhauge
Dirfak,Mosteraked
Therta,Spencervan
Phecca,Shming
Dirfak,Shming
Ankaan,String
Card,Clinantones
Tin,Clinantones
Stmeal,Fisun
Race,Wolferguson
Blakes,Chcak
Kraban,Praugnox
Thony,Bradlerson
Morrie,Moongton
Alduson,Oilpuring
Dord,Pottley
Vanley,Harry
Yakers,Peake
Tard,Monfulewss
Deanny,Spencervan
Billey,Spencervan
Ankab,Speating
Hadirah,Speating
Panter,Blane
Jord,Barkeretton
Stald,Fisheparks
Artis,Gambs
Tracia,Fitzgerson
Geno,Disgul
Charga,Disgul
Cellum,Alaring
Wezena,Alaring
Raque,Wolfernan
Loresa,Wolfernan
Andie,Wolfernan
Ritany,Wolfernan
Hardy,Wagnerray
Dscheat,Noxnuther
Penne,Booneid
Cink,Porté
Acraban,Conamminal
Nilly,Purle
Maya,Mejiaddox
Joyces,Fowlesterez
Helean,Hestes
Jack,Quart
Wafros,Quart
Mitch,Canie
Skatik,Supred
Ainor,Fuelisent
Celis,Bootez
Inen,Casentry
Rowl,Chman
Duckes,Chman
Torms,Chman
Mela,Bakericks
Ritey,Hickley
Hion,Frasp
Jerrye,Daughttley
Joana,Daughttley
Elina,Daughttley
Thewis,Spencervan
Solark,Preeldy
Felia,Hortis
France,Dicksons
Tyrona,Mcfarley
Bel,Haydenez
Saiphda,Cracionfic
Alballa,Cracionfic
Krios,Shbre
Jaimez,Mcfaddenson
Charly,Booters
Florey,Alldson
Gollux,Reedall
Sadirak,Reedall
Kayd,Wilkinner
Antak,Bootty
Bakix,Flell
Coracy,Briggins
Chadie,Flyncharlan
Dscha,Dishearly
Minoces,Myling
Kitakan,Wingcoling
Shaiaz,Wingcoling
Stace,Solivers
Berk,Terte
Aarjel,Rhuba
Seat,Khaf
Chones,Bine
Andrey,Farmonrada
Jord,Farmonrada
Gordo,Farmonrada
Tachba,Mirinanty
Aldibah,Baleful
Shally,Fowles
Lorice,Fowles
Dandra,Joyneidez
Goles,Ramad
Billey,Romason
Sceros,Lake
Eloos,Lake
Yapich,Sad
Jaye,Mcguirez
Sus,Coolez
Jorgie,Hamberterry
Rionk,Rhuba
Aps,Rhuba
Trice,Moreman
Derina,Prinson
Stax,Hapie
Gech,Hapie
Wal,Hapie
Zedares,Foraud
Okulas,Foraud
Heila,Gordond
Mall,Frasp
Salley,Mckinn
Hardy,Griffy
Jamela,Griffy
Sce,Meake
Aliey,Chanash
Enifik,Clughted
Feline,Mcneiderson
Therie,Stephendsey
Eang,Dan
Backse,Cla
Fres,Cla
Dous,Blane
Spies,Gency
Colle,Steinardson
Natha,Portananney
Katen,Portananney
Therek,Greeves
Pech,Banie
Eggers,Melte
Batan,Roustorly
Diandi,Kellyons
Robyny,Simonson
Beula,Simonson
Crin,Vlart
Hammet,Vlart
Berty,Crayeson
Morms,Cheen
Jaimez,Peckerson
Lyn,Leblanchez
Letty,Wellenez
Allena,Sellahaney
Berios,Homin
Life,Homin
Altardr,Mosteraked
Ankalik,Nateansive
Therie,Saley
Hery,Lewinez
Tanley,Gregordy
Herita,Welltonces
Arkard,Sechausive
Tarmus,Sechausive
Carley,Gardonadox
Mass,Reau
Weers,Che
Womel,Che
Fex,Sin
Dorie,Brenney
Golve,Mushe
Rald,Litthews
Fredy,Litthews
Fery,Litthews
Ralda,Litthews
Allena,Litthews
Violan,Litthews
Flats,Chate
Molley,Ryanga
Brie,Flynney
Lynez,Mcfaddoxter
Karley,Hopez
Sadra,Wirdley
Alphah,Wirdley
Matan,Wirdley
Denny,Dotsondez
Gwenda,Gainebergan
Ech,Nutca
Charda,Heeroling
Aldun,Clugeadry
Axionif,Heeroling
Stal,Baldson
Maura,Baldson
Dianya,Baldson
Philia,Bellarkerd
Lucan,Surry
Gretty,Warrison
Eristy,Haydenzier
Jennyn,Haydenzier
Inerry,Haydenzier
Minies,Dan
Derine,Bardinard
Lonna,Bardinard
Wena,Bardinard
Vuls,Paska
Jeane,Meyerthy
Brinez,Meadoney
Elany,Prickmantes
Ellie,Fredersend
Minoton,Surind
Bosoneb,Surind
Eila,Chardst
Aino,Chpeng
Healls,Sache
Munda,Burte
Stancy,Shieldson
Garyan,Woody
Carlen,Woody
Anton,Woody
Graw,Lapie
Chrets,Lapie
Mon,Lapie
Walles,Reste
Stanya,Bookerson
Sonnie,Vinozarks
Benny,Hickley
Tonald,Hermanapp
Harvin,Malliamsey
Rice,Baldens
Dwin,Melez
Lardy,Thorney
Alphein,Igmable
Fayel,Morandry
Ashird,Myling
Genee,Waltonnedy
Des,Tranciams
Dell,Canton
Jodia,Pottmanley
Rosts,Ses
Terion,Spistory
Thell,Klindsey
Florey,Micknightt
Alley,Micknightt
Clarry,Kellynn
Eilan,Kellynn
Lonnez,Wilkinner
Dwigh,Hahnstoneal
Sallyl,Hahnstoneal
Annaha,Hahnstoneal
Darley,Gibbsonton
Prope,Wirdley
Mard,Whifounrew
Grafik,Whifounrew
Antinon,Whifounrew
Kabiak,Whifounrew
Idace,Ricks
Lilly,Ricks
Nasl,Prighty
Alzird,Prighty
Sheratz,Prighty
Allyn,Horthy
Byront,Strongers
Brank,Hoopez
Kaye,Holsen
Olgary,Holsen
Jeron,Carlsonney
Jerrye,Carlsonney
Therie,Carlsonney
Jaye,Whitez
Sarino,Dianket
Auvab,Dianket
Coxak,Brakepined
Acruxon,Discuous
Golaron,Dianket
Wings,Part
Shard,Georgasey
Elinda,Georgasey
Nancey,Horndley
Ginia,Villenson
Trick,Carlsonney
Jeanny,Fowles
Verney,Dillestron
Fis,Fla
Quan,Fla
Tyle,Domington
Tonald,Domington
Yolace,Domington
Lulah,Domington
Ashelik,Drayfulery
Swink,Jaff
Vivers,Jaff
Rice,Patthews
Rosiey,Wellenez
Grafik,Bagint
Neutrin,Alenter
Alathim,Waring
Maasyma,Cientteng
Maurie,Hornettoney
Pamont,Scottney
Acrabih,Openduave
Azhab,Openduave
Altara,Openduave
Diskeh,Openduave
Betenar,Openduave
Line,Wolfaddox
Man,Philliames
Shellum,Fliblerolt
Jihoton,Fliblerolt
Yalmon,Buche
Guink,Buche
Blanda,Fitzgerson
Bretty,Llobsoney
Erice,Noelan
Rena,Yorkland
Lorie,Krampbelles
Hits,Sin
Blat,Flité
Plat,Flate
Kadown,Flate
Heat,Tirt
Stra,Boltund
Auvair,Resspeding
Mesarix,Boltund
Melvia,Pentss
Coreee,Mondsey
Jordy,Hayder
Ollip,Swanardy
Julies,Bradlerson
Sargin,Brakeril
Dianya,Josey
Kelle,Hickson
Toperon,Reming
Bellah,Reming
Taurion,Reming
Almelik,Conable
Ankaan,Reming
Hamelik,Reming
Kerrie,Pollarkeeks
Essara,Sweene
Izares,Brailidy
Ming,Sinda
Bet,Sinda
Bakix,Razo
Blers,Sinda
Caseya,Leeves
Elene,Huffy
Stelly,Leeves
Zinon,Oilloody
Jacki,Oneiles
Par,Port
Marix,Birds
Blance,Englence
Ran,Merie
Stalie,Arner
Blanie,Milton
Jodia,Rossey
Molley,Rossey
Benry,Farleyatton
Harlen,Gilesonston
Keithy,Pettyreeman
Lyney,Pettyreeman
Peefox,Datie
Eline,Cainghannon
Hog,Bun
Stech,Mane
Misaleh,Ennalve
Seginon,Ennalve
Philia,Gallard
Jenn,Gallard
Ernard,Gallard
Coley,Gallard
Jasony,Klindsayer
Idace,Valezaley
Acruxon,Mirinanty
Guyl,Barkeretton
Karene,Fisheparks
Toal,Ban
Pattin,Wolfaddox
Patoya,Briggins
Mathy,Bakerson
Elicia,Bakerson
Lyn,Bakerson
Iononus,Metiveal
Dyonevi,Metiveal
Jeron,Flynner
Felice,Wheelez
Berna,Moongton
Alraixa,Ainserfle
Bosonon,Ainserfle
Batrix,Ainserfle
Weney,Franton
Lilace,Bakerrison
Denis,Fisheparks
Berers,Meake
Blus,Danad
Jilley,Brownings
Lardy,Burrilllins
Anchib,Crakete
Atonib,Crakete
Heald,Johnsby
Jillie,Carrishley
Enib,Spopting
Garry,Oconley
Betenif,Cumpting
Terope,Cumpting
Lewise,Bullisey
Tig,Datte
Bettie,Miltongson
Alik,Spirfuent
Millia,Smalloney
Benew,Pager
Carly,Pager
Shaele,Pottney
Dary,Pottney
Alarmus,Modent
Alrais,Modent
Saleh,Modent
Cheddin,Modent
Nice,Bertiz
Ryany,Blange
Sanney,Hornettoney
Marix,Poperez
Ainoxa,Scerodbox
Antitak,Scerodbox
Quarke,Scerodbox
Wezena,Scerodbox
Mara,Hermanapp
Lilasa,Buckleinson
Dorie,Hutchinton
Virgie,Chardsons
Pentard,Knocke
Weion,Knocke
Teremy,Hamcmahon
Brance,Byerson
Cruis,Gelte
Dord,Emenez
Vitax,Madan
Herry,Hutchinton
Samana,Handertiz
Achib,Ingascomet
Murie,Hardsonerry
Therek,Hardsonerry
Mone,Flaie
Feryla,Webstephrey
Kayne,Rivanseney
Caiamin,Singmage
Gory,Byerry
Carma,Byerry
Elanie,Hurles
Weias,Pasharne
Zubeneb,Pasharne
Syrmino,Pasharne
Tachir,Pasharne
Pentard,Spoilling
Caphirk,Spoilling
Zavior,Spoilling
Gabrie,Joycerton
Carly,Burksson
Bonne,Burksson
Aldun,Ricete
Jacky,Vales
Delody,Parsoney
Nelley,Kennetty
Tonnie,Kennetty
Algenif,Oillepint
Ankabih,Tradve
Hamak,Oillepint
Mabela,Whitersone
Alphah,Neceriont
Luxab,Hoorbaring
Naosura,Hoorbaring
Munda,Onpie
Swal,Onpie
Meropus,Sprender
Shain,Sprender
Everly,Joyneidez
Vina,Waterson
Saiphda,Volloor
Izaron,Volloor
Alsham,Volloor
Alatrix,Volloor
Squars,Bate
Stsan,Nad
Francy,Mccarveymon
Yolace,Clemondsey
Mon,Clemondsey
Allene,Mccarveymon
Swaffs,Paste
Nicey,Mcleandez
Minoces,Hometerval
Basps,Horte
Wallyn,Holcompson
Mara,Batestonley
Repart,Purte
Crans,Purte
Julion,Hunterton
Gerly,Swanardy
Kenny,Swanardy
Gracia,Swanardy
Lesley,Wartyson
Lyny,Wartyson
Minoton,Radisiouss
Atrinon,Radisiouss
Frohs,Tité
Honda,Shrie
Cindee,Terte
Bryany,Rocknight
Besse,Whitez
Chtios,Erflé
Cinda,Erflé
Coakey,Buthe
Melia,Scottney
Clow,Porki
Grake,Porki
Zosmas,Ineedeve
Adriet,Drakeekss
Olly,Edwartizman
Leonyl,Buchansen
Beres,Derry
Astrark,Holatirint
Furudra,Holatirint
Elerops,Holatirint
Alendy,Llonovancis
Smarve,Canie
Daley,Haynardy
Monard,Delazarson
Jaye,Delazarson
Celina,Carvis
Kitauon,Castery
Canonon,Castery
Wafox,Maie
Gwendy,Sykess
Natha,Clinantones
Row,Manie
Rose,Manie
Sug,Jaflé
Weessh,Chité
Skies,Oncy
Wase,Stpie
Cole,Nad
Mats,Nad
Genee,Williotters
Leene,Kaufmaneyes
Kaye,Vandan
Eriey,Bartez
Toniel,Hestes
Emmax,Parklaney
Prah,Bine
Reney,Balley
Coren,Bucknersony
Luzel,Garnettiz
Ela,Brenney
Pot,Apie
Clers,Hac
Joycey,Cartez
Leria,Mcgoway
Gayla,Leonzaley
Garry,Birds
Frunad,Concy
Terry,Concy
Elenay,Serraynardy
Ungles,Prité
Book,Nanie
Amyra,Kirks
Shamark,Modomel
Sweal,Erry
Loise,Parrett
Dony,Olivasquez
Anda,Lardy
Dakes,Vicke
Joyces,Alldson
Blance,Daughttley
Komos,Dal
Zosmas,Mormonized
Alhail,Mormonized
Skyrmak,Mormonized
Grumak,Fralledic
Mesaton,Fralledic
Eltais,Fralledic
Fomalik,Fralledic
Hencey,Buckleinson
Darrie,Buckleinson
Branda,Midtt
Bethew,Lewintos
Eduard,Quinnerry
Kurta,Greenez
Loree,Greenez
Cliney,Horners
Tauva,Roureed
Mergas,Trantermle
Hadlam,Honatte
Taux,Honatte
Dawne,Tranklinay
Clarry,Sterreray
Wine,Patthews
Vanez,Hammonton
Healls,Butte
Darry,Micknightt
Chael,Bardsey
Greggy,Merce
Wor,Anche
Mardach,Contery
Belly,Schwardson
Troya,Schwardson
Erick,Pacerty
Lilasa,Powery
Mathy,Powery
Tricky,Rodricker
Carde,Bun
Masal,Pepie
Skies,Pepie
Oats,Pepie
Tifet,Pepie
Dills,Pepie
Mirara,Dedinder
Tany,Mcculley
Darrie,Keithunts
Lina,Frandriquez
Ally,Thonyderson
Lorie,Coolerson
Sha,Coolerson
Deandy,Moreman
Kelle,Daughttley
Vin,Daughttley
Rhonya,Chroeders
Menkibi,Poselfle
Betenar,Poselfle
Colax,Forne
Rickie,Hendrewsons
Marinon,Bewarsecal
Beide,Crakenecal
Deany,Avidson
Ebonya,Buchansen
Glenna,Valezaley
Anny,Bellarkerd
Diphah,Dervalt
Weias,Platch
Tarrak,Irived
Giedir,Irived
Wealke,Ica
Meremy,Hineyley
Tark,Onbre
Pants,Onbre
Donut,Onbre
Lestie,Fowlesterez
Lig,Cotte
Kell,Mcmahoney
Warry,Sandry
Golaron,Tronsive
Gorab,Tronsive
Dabiton,Tronsive
Azhah,Tronsive
Coreee,Midtt
Tors,Ramad
Ots,Coflé
Shersp,Coflé
Dia,Loway
Murie,Hubert
Nilly,Kidie
Honda,Kidie
Marvey,Delangleton
Willey,Delangleton
Deandy,Trankliney
Brie,Loverceson
Deanny,Loverceson
Rossie,Loverceson
Coyal,Quart
Poot,Quart
Nios,Quart
Alraida,Trattle
Zosmark,Trattle
Gollux,Trattle
All,Harta
Cowl,Harta
Jasony,Hubbarton
Tamie,Hubbarton
Vane,Hubbarton
Hen,Hubbarton
Fredy,Batestonley
Spros,Mone
Gocock,Mone
Yvonna,Mcdowns
Brence,Bardina
Dianya,Roachoanand
Sheleon,Scoudelle
Luxonon,Scoudelle
Duhra,Scoudelle
Dilatik,Semootor
Mollen,Bairdford
Zedarga,Reeddommy
Shail,Reeddommy
Genif,Amincrerus
Ryany,Bucklandez
Ellana,Bucklandez
Francy,Johnsby
Tabik,Pulgaly
Luzel,Hickett
Paulia,Hickett
Lyny,Jenningley
Denuts,Ropie
Ellena,Mckinsond
Achium,Entratable
Lesat,Brakebarne
Dsch,Brakebarne
Tabiton,Ambleetive
Pot,Gin
Enibik,Fordulgaug
Gimpus,Fordulgaug
Antone,Mayods
Leony,Mayods
Ambert,Ericksonga
Tarrak,Femoused
Naomin,Sterson
Stendy,Gallencis
Blus,Snoaf
Loresa,Hubbarrison
Ianya,Litthews
Oraine,Litthews
Elene,Hendrys
Paulia,Kennetty
Nuscham,Stingive
Jayrin,Cle
Sadaton,Alenat
Jonaye,Rushing
Guar,Stead
Deandy,Anthompson
Mesarid,Pinoffent
Tarah,Castron
Tany,Castron
Ivanna,Prestonard
Joeula,Prestonard
Wena,Prestonard
Wayney,Willy
Nelly,Willy
Dorah,Willy
Coate,Buche
Colax,Killé
Sinon,Gearitte
Mareson,Clunic
Geneen,Morrencis
Ambert,Tranciams
Sabit,Spirfuent
Hilly,Wolffy
Ale,Morrencis
Viviay,Hanner
Fispot,Birt
Quan,Birt
Sugard,Prie
Smals,Prie
Guls,Prie
Pikes,Sesa
Juane,Popelazquez
Trick,Meyersones
Troyra,Moodsey
Muonus,Clinarfork
Dhena,Semageary
Kleeiak,Couseced
Castra,Exibuctich
Mayne,Leblanchez
Sts,Welte
Vivia,Harry
Frandy,Pacerty
Benew,Barnolaney
Tera,Trankliney
Fisps,Frasp
Sters,Frasp
Sonnie,Floways
Etair,Calazy
Tarah,Patteraley
Scotte,Carterson
Poselk,Reste
Rankie,Hoodgers
Unchal,Ecre
Violan,Mcphernard
Lyny,Mcinton
Crisp,Spore
Byront,Mclardson
Fanna,Navages
Racey,Powery
Pikes,Nan
Bonyam,Litthews
Berna,Tersony
Billya,Estiagosen
Puffes,Kine
Goldch,Kashe
Lynnee,Vinston
Tracia,Hahnstonsen
Gatrino,Reshory
Warry,Jacostaney
Timmy,Santry
Keidhma,Unteckery
Astula,Unteckery
Achib,Unteckery
Alchium,Unteckery
Thallah,Unteckery
Sabiark,Unteckery
Azharga,Chuble
Alino,Namsheary
Tive,Tepie
Jeane,Herreras
Racey,Carsoning
Ward,Alvasquez
Eltard,Dreamspric
Rohs,Paie
Blakes,Ple
Herms,Cako
Cherry,Paie
Bants,Cako
Chex,Ple
Ionium,Dertering
Lis,Hendrys
Tyle,Guerson
Brie,Braymon
Thell,Braymon
Joanry,Braymon
Harrie,Braymon
Darry,Braymon
Line,Braymon
Hene,Braymon
Izarino,Gemoserad
Megrezn,Flourbent
Cupers,Quart
Violey,Pearsalason
Clindy,Lambleyoun
Frandy,Lambleyoun
Teremy,Garzaley
Spies,Nache
Mergas,Unreezy
Mesarga,Unreezy
Dira,Unreezy
Nicey,Moreman
Dorie,Weissey
Stald,Vinozarks
Wolous,Anpie
Swal,Anpie
Cranch,Anpie
Ainoxa,Preeldy
Elson,Peckers
Moniey,Vinston
Kaffias,Ingwhed
Glendy,Doughan
Anton,Booness
Deanne,Emenez
Tricky,Doughan
Iandy,Doughan
Joanie,Charpelaney
Scotty,Richan
Alcorix,Scoudelle
Billa,Petermandez
France,Pentss
Carona,Cartiz
Catha,Waterson
Ermank,Waterson
Leondy,Mayods
Cellus,Ciplanke
Alhenah,Ciplanke
Shabih,Esseal
Vina,Blace
Felice,Kramosley
Melica,Bardsey
Jenne,Cofferson
Isaacy,Cofferson
Kaye,Cofferson
Nance,Reenon
Wine,Fowlesterez
Skyrmak,Tionstious
Alar,Tionstious
Anchird,Witeronfus
Alrak,Witeronfus
Dell,Mcguirez
Denis,Sandry
Cint,Vlate
Fal,Vlate
Gileen,Coleyanglas
Walla,Mccarveymon
Carley,Sancasey
Vanie,Rossey
Dies,Flité
Gut,Flité
Eriana,Alberts
Trisp,Apie
Adanne,Mejiaddox
Floyde,Grahangory
Crin,Stike
Ivanne,Lambles
Lles,Parta
Erick,Castron
Denis,Burraymons
Mirara,Steary
Earlie,Rodricker
Arlen,Blacks
Morrie,Gamberson
Bun,Sau
Leahy,Sullones
Elanie,Sullones
Maya,Sullones
Shanie,Herreras
Wheals,Peake
Hughy,Guerson
Brance,Guerson
Cassa,Bradlerson
Estina,Chanan
Lillia,Kerristicey
Fanna,Kerristicey
Adriet,Kerristicey
Ray,Seen
Louisa,Briggins
Cowl,Blake
Joanry,Brighttt
Astorux,Reedectied
Karia,Davens
Janee,Davens
Thab,Patoetic
Tyrony,Quinnedy
Hencey,Garrincent
Pamont,Carvis
Regory,Wilsoney
Leneva,Hahnstoneal
Poot,Pine
Crowls,Pine
Irmark,Briggston
Beal,Soun
Elle,Joycerton
Sta,Barrelliver
Challa,Unretereng
Ale,Casonston
Charly,Casonston
Colle,Casonston
Evey,Casonston
Ericky,Casonston
Karah,Casonston
Willy,Meyersones
Aliedy,Yanton
Batan,Iniouser
Genee,Hayerson
Hanry,Burraymons
Vivia,Burraymons
Samie,Burraymons
Terina,Lowelliott
Loresa,Lowelliott
Leahy,Lowelliott
Carley,Lowelliott
Brancy,Lowelliott
Garry,Warrishales
Everly,Lowelliott
Trohs,Must
Jonaye,Castannison
Aarone,Castannison
Cliney,Castannison
Dia,Spentley
Lorian,River
Son,River
Bobina,Castannison
Hilly,Wolfaddox
Becca,Wolfaddox
Vick,Wolfaddox
Kariel,Wolfaddox
Evaned,Wolfaddox
Anamse,Cha
Luisy,Belley
Florey,Sweeton
Coos,Emead
Hekabih,Metful
Dorene,Mclainez
Frouse,Mele
Tibers,Mele
Chrice,Mele
Tights,Mele
Hog,Gene
Jacky,Bears
Jimen,Lerez
Flys,Buth
Lavey,Hubbarrison
Franda,Torrez
Azham,Chsere
Benry,Patthews
Evaley,Flowensley
Luise,Carpennels
Gleney,Carpennels
Beula,Carpennels
Terina,Carpennels
Algeno,Listive
Krabik,Listive
Deaney,Waltonnedy
Shaton,Windend
Froon,Kité
Pamiea,Bryants
Jodia,Evedorsen
Luisy,Gardsondez
Elice,Reenez
Race,Tersimpson
Brance,Micknightt
Mesatz,Stewder
Etair,Stewder
Canon,Stewder
Marvey,Mirandry
Jackix,Can
Rowls,Can
Pars,Wist
Elina,Santantines
Ivanne,Rivanseney
Schyon,Pokematic
Decruxa,Dissper
Leondy,Midtt
Milda,Mirandry
Nance,Hinesh
Lerome,Barrelliver
Jack,Kashe
Graw,Kashe
Anda,Mcfaddennon
Jennya,Dillips
Doryn,Olshaffey
Taurius,Objeciane
Diramak,Objeciane
Dnocese,Pirejus
Hen,Chenson
Alurope,Watuald
Tachir,Watuald
Mael,Chasey
Anchira,Nateansive
Lonnez,Guezaley
Kris,Coley
Koops,Upead
Carry,Sancasey
Patoya,Penashley
Gray,Cres
Tauvaah,Clarty
Arix,Rentruing
Mothab,Tachor
Honjay,Ruica
Ginald,Pecketton
Lynnie,Valexandez
Deaney,Romez
Stote,Vicke
Belly,Weavesend
Rena,Vanglis
Willey,Fryersonis
Tyog,Rapie
Brark,Whetedy
Ally,Sterreray
Ritany,Gallard
Leneva,Harmond
Bobbyn,Rocholton
Tarino,Aroodint
Tachium,Aroodint
Karlie,Beangley
Son,Rosargas
Shany,Rasmussony
Taraid,Bradiary
Coxak,Bradiary
Rowls,Porté
Jenne,Wagnerray
Ryany,Torrez
Aleroy,Pentss
Jorgie,Watkinsley
Dsch,Ainserfle
Ors,Pare
Aars,Pare
Guanch,Pare
Kyley,Matts
Forms,Merte
Achium,Pokematic
Curtle,Norry
Cird,Datty
Cakers,Merte
Lonna,Rocknight
Shan,Fitzgerson
Rhonya,Philliames
Maiah,Deryplinet
Heales,Buncy
Edgary,Guerson
Juaney,Herry
Caphact,Lendly
Acrabik,Lendly
Benew,Saundez
Hanne,Weaves
Juliey,Loverceson
Natha,Wonglasquez
Beant,Gelte
Millia,Watkinsley
Doryn,Noeley
Hilley,Harperez
Lyne,Woodwinton
Kendy,Logannon
Thabius,Stacketent
Ionan,Stacketent
Ninaha,Deckerson
Eriky,Deckerson
Elina,Deckerson
Avijava,Susent
Acruxon,Susent
Sarich,Pirejus
Candyn,Mclardson
Peefox,Flell
Cinkes,Flell
Chrets,Flell
Puffs,Facle
Barks,Flell
Fruik,Flell
Corsh,Flell
Genee,Meleon
Coren,Armstromez
Thery,Burnerez
Rants,Fla
Lidex,Opité
Shood,Opité
Othawk,Fla
Risps,Fla
Wafros,Fla
Wille,Fla
Mesatik,Witalnerod
Wezno,Foraud
Wasath,Foraud
Almara,Sweenez
Alrais,Pleele
Okulas,Frattyring
Meron,Frattyring
Terope,Frattyring
Ashir,Frattyring
Wezena,Frattyring
Ranan,Frattyring
Maiamak,Tabloory
Alathim,Tabloory
Heald,Bootez
Thel,Wilsoney
Coreee,Waderoachez
Clard,Dickley
Lis,Fowlesterez
Wayney,Petermandez
Oateal,Dun
Oaters,Kité
Antony,Jacostaney
Stanya,Cooks
Stald,Cooks
Harrie,Cooks
Milly,Howenters
Cors,Flé
Nandy,Avisnydes
Rald,Avisnydes
Gailya,Avisnydes
Ebonya,Dillips
Analdy,Bucknersony
Scepton,Perable
Astonon,Perable
Aarjel,Jaff
Diph,Siccertful
Naosura,Siccertful
Sulabik,Covale
Kenny,Yanton
Fayen,Morrodgers
Chellus,Freptic
Gocock,Floaf
Rotan,Dratembid
Sabiark,Dratembid
Gops,Tert
Relix,Tert
Unfly,Min
Sies,Min
Supix,Min
Tine,Acobson
Eduana,Alshipson
Beula,Clean
Patha,Clean
Manth,Grean
Dous,Grean
Chid,Melie
Shaele,Wilkinner
Therly,Scottuez
Coxah,Comessic
Tark,Parbage
Kerryn,Mirezavis
Ainkard,Calian
Bethew,Alest
Sadiram,Roustorly
Bix,Ecate
Cakers,Bau
Yvetta,Weaverays
Chery,Ingston
Isaacy,Hamberterry
Nusoton,Inghting
Alatrin,Inghting
Aviton,Inghting
Dorice,Connelson
Annon,Knoxtones
Ivanne,Gallandez
Alasmon,Idercaling
Gomeron,Idercaling
Grasath,Idercaling
Stenny,Hornettoney
Armen,Garnes
Crisey,Garnes
Hencey,Garnes
Bra,Garnes
Elicia,Wooterston
Everly,Garnes
Elanda,Garnes
Gerte,Garnes
Jeanie,Serraynardy
Misa,Perneernal
Asteron,Perneernal
Menkark,Perneernal
Rispid,Raste
Chelly,Kaney
Vivers,Fatte
Ankabih,Derterval
Weid,Derterval
Bland,Houseson
Vin,Beston
Vana,Nichaner
Glene,Nichaner
Genubia,Bagetvable
Tabih,Dissper
Dandra,Stroyledgez
Raulia,Hurchanney
Evey,Kellyons
Auvara,Mander
Lidenx,Icake
Lidex,Perta
Anthia,Briggins
Hadiram,Disight
Willy,Carsoning
Gayla,Charpelaney
Sweal,Manda
Rowne,Manda
Eriney,Whitersone
Asellan,Taketiatim
Felia,Loway
Terops,Brakeded
Sethew,Chaellerty
Adamy,Dayers
Wally,Popelase
Evenna,Conney
Wally,Conney
Noria,Carezquez
Ber,Terry
Coracy,Whitledges
Carlie,Whitledges
Delley,Stannondez
Weionan,Sobvisted
Clarry,Hammonton
Monard,Hammonton
Marace,Cleang
Babix,Prine
Oalls,Flate
Kimmie,Nobleyes
Annez,Bellarkerd
Gran,Krake
Wheal,Krake
Oareel,Krake
Trion,Brie
Dellia,Douglasen
Colly,Benderez
Alles,Gene
Tammyl,Dukertyler
Sadach,Excionging
Shamak,Trupistic
Oareel,Paska
Zedasim,Gloother
Terope,Gloother
Ziba,Gloother
Krazet,Gloother
Book,Gele
Leshmet,Gealloyalt
Halsham,Aroodint
Kleeiak,Gealloyalt
Ranch,Reste
Pamiea,Georgasey
Roydo,Hammonton
Lelah,Sancockett
Vanez,Burchanez
Trick,Saundez
Krazet,Conate
Shams,Rapie
Rence,Robersondez
Darrie,Strongers
Timmy,Carezquez
Alaton,Trupistic
Arino,Trupistic
Millie,Greeves
Dabik,Brantcable
Fles,Ses
Tonioe,Waltonnedy
Strali,Sebleve
Meisa,Sebleve
Possh,Crie
Carona,Coopezmaney
Altar,Freednal
Dixiel,Dawsoncis
Edgary,Kinson
Philda,Ricks
Raceky,Masquez
Smats,Flate
Ermank,Benderez
Estina,Vandan
Mesatz,Shricatory
Taurak,Shricatory
Ranon,Shricatory
Canonon,Shricatory
Spurim,Tionstious
Halesh,Birt
Boats,Sache
Russey,Mejiarkerox
Karley,Brownson
Nicey,Alentonway
Sheratz,Dingauge
Thaldah,Conachets
Apix,Wala
Jayrin,Vloaf
Grawk,Vloaf
Rants,Vloaf
Gerek,Larks
Regana,Steeletters
Annah,Cookson
Thell,Cookson
Fayel,Mcfarley
Sallie,Milton
Meline,Foledges
All,Wolferton
Gibers,Sepie
Conk,Sepie
Flyros,Sepie
Tonyan,Loverthyo
Eriana,Loverthyo
Louisy,Waderoachez
Lina,Peter
Kylen,Peter
Lis,Scotterkins
Wezna,Unkepery
Ericky,Mejiarkerox
Pich,Knike
Proxima,Regmansidy
Deandy,Wolffy
Alendy,Parsoney
Loria,Sweekstarks
Froon,Parta
Alramak,Prearright
Glueba,Dinsprody
Ranark,Dinsprody
Kohs,Pien
Hinnan,Fonie
Coxaron,Dedentive
Cheleon,Dedentive
Ranopus,Ambleeve
Dynx,Boyst
Ireen,Robins
Ryany,Kenzierry
Robyna,Loway
Eriney,Guerson
Lardy,Jacobbinson
Idacey,Cartz
Salros,Wate
Aarone,Sweett
Kabiton,Clinarfork
Weias,Clinarfork
Kenny,Salez
Naomie,Bardson
Asellan,Chocaters
Fomamak,Chocaters
Wasaton,Chocaters
Grum,Chocaters
Phah,Chocaters
Lyny,Briggins
Elody,Flowensley
Tyog,Cla
Zaurah,Clugete
Ranons,Clugete
Genons,Clugete
Altar,Clugete
Poloos,Jamad
Lison,Blace
Azhasim,Inguel
Arl,Wagnerray
Milyn,Nguerrettye
Arlen,Jacostarks
Annams,Mellé
Gillie,Bullerson
Maiam,Boltund
Ionium,Boltund
Sharie,Morrodgers
Aldhib,Diabysid
Terons,Diabysid
Gemmark,Diabysid
Ainkard,Crakete
Moniey,Hopperett
Dabik,Brakeded
Coxan,Windend
Emmax,Baketton
Colly,Bartez
Kerrie,Bartez
Terek,Welte
Helley,Tuckers
Stancy,Garden
Carita,Tuckers
Wasaton,Fairdised
Nesham,Fairdised
Brancy,Miranciash
Thel,Scheron
Zelowl,Sidie
Eillis,Bartines
Idave,Anthompson
Ally,Bartines
Evan,Bartines
Allia,Bartines
Price,Tepie
Fowoos,Tepie
Rooses,Tirte
Mos,Tirte
Janne,Mccarry
Tine,Buckleinson
Sadir,Idlatchse
Solark,Filerst
Ricke,Nolds
Sus,Coolez
Labix,Weeke
Frey,Simsey
Rician,Loway
Valex,Munozanson
Loise,Beckeetter
Lorie,Beckeetter
Dandy,Munozanson
Karay,Beckeetter
Line,Munozanson
Dary,Mallerez
Kendy,Munozanson
Gaylah,Mcdanield
Eilace,Castannison
Triple,Jamai
Erraid,Wirdley
Dabik,Wirdley
Bees,Kashe
Bants,Pepie
Eet,Pepie
Cornys,Pepie
Cats,Sopie
Sunk,Sopie
Ecco,Sopie
Gluinom,Siviothy
Gemmark,Crueld
Atrino,Crueld
Yos,Stike
Jacque,Cleman
Lynnie,Fryersonis
Samie,Fryersonis
Marky,Cleminglas
Bara,Mcleandez
Dennya,Juartis
Jessa,Oneidson
Belix,Stephend
Briane,Fulloydez
Terald,Oneiles
Fanna,Leonaldez
Thabius,Stelative
Lynez,Serraynardy
Sino,Anindery
Carry,Floydendley
Randa,Cardners
Jerrye,Cardners
Josey,Mccard
Karia,Hammons
Sanda,Carterson
Arla,Carterson
Coxak,Sterve
Arrai,Stracary
Quakes,Winie
Regana,Pottney
Kenda,Bailes
Warry,Navages
Leria,Woody
Ebonyd,Sotond
Cinst,Bake
Auvam,Watuald
Claine,Wiggs
Dwin,Mirez
Wezna,Baleful
Elene,Rasmussony
Daven,Monsoney
Alrair,Unhearfus
Shaton,Reedall
Altanin,Switud
Tera,Merkins
Paulie,Patteraley
Marine,Flemaney
Ples,Pamca
Wasatan,Honchoe
Aldah,Honchoe
Ricia,Crosbornes
Fery,Gouldensen
Yolana,Stannondez
Cank,Sad
Kris,Solon
Fayene,Cartz
Oss,Kha
Mocake,Buko
Skatzn,Entedraved
Neutrin,Entedraved
Skatz,Wasterivel
Goats,Emead
Asellux,Assibler
Hadyon,Coictrazy
Crunch,Carté
Eal,Carté
Phios,Carté
Pil,Carté
Toddie,Pugherman
Tabius,Folhal
Tabiton,Folhal
Minoton,Folhal
Furus,Coudered
Alarion,Swingse
Ale,Booneid
Kayd,Weavesend
Jerek,Whitakers
Hamakan,Namsheary
Kabih,Namsheary
Tancis,Wonglasquez
Agnesa,Loway
Props,Pumpeshaft
Gatrino,Pumpeshaft
Ronard,Hoppers
Colle,Maystuarey
Algork,Amblereld
Enryn,Alfordonard
Ronard,Hickson
Essara,Wilsoney
Tabdhib,Inghtal
Chon,Fla
Joycey,Toddleton
Evey,Heney
Nios,Jaflé
Viviay,Humphreyes
Sadrix,Repumparte
Giamon,Gelle
Mothab,Ineedeve
Naosa,Ineedeve
Shaton,Ineedeve
Auvara,Ineedeve
Azharga,Ineedeve
Sabih,Ineedeve
Sadiram,Ineedeve
Murzima,Freednal
Jona,Dukertyler
Asellum,Calazy
Bellus,Dightent
Azhasim,Dightent
Cellus,Dightent
Alraium,Syncepul
Ankabih,Dightent
Glenna,Gallard
Elindy,Gilleyons
Delley,Pearsalason
Tark,Ches
Salas,Asticit
Sharie,Englas
Vanie,Peter
Sadach,Cluted
Sandie,Goodson
Juliey,Fultz
Aton,Bacistion
Okula,Bacistion
Pennie,Mcgoway
Wardan,Shephendery
Erina,Prickmantes
Eddiey,Kramosley
Aludram,Dectory
Sta,Robins
Claine,Fowlaney
Hamelik,Witeronfus
Ainkard,Seflock
Rotan,Seflock
Alvira,Miranciash
Vanney,Miranciash
Prilly,Jacostarks
Taurah,Bradiary
Ruchban,Bradiary
Mael,Hayerson
Mamina,Moodman
Sharie,Moodman
Fery,Walston
Denne,Moodman
Lison,Mayson
Idace,Moodman
Ianna,Moodman
Dirk,Uningably
Batares,Uningably
Dyonium,Ingwhed
Lonna,Cartez
Dia,Cartez
Nelsie,Roachoanand
Isa,Cartez
Eilace,Cartez
Bobina,Cartez
Weney,Braymon
Bettie,Rickson
Dian,Sextones
Syrmion,Scerodbox
Sadrus,Scerodbox
Billey,Byerson
Willy,Dicksons
Andie,Campson
Skatzn,Obeaded
Sonnie,Mcleaney
Zaviton,Iniouser
Dakes,Colte
Watros,Colte
Meass,Colte
Halesh,Tirte
Fany,Russon
Stra,Persoffly
Mediah,Dishocatal
Tope,Dishocatal
Fayey,Buckentry
Atrino,Rewmid
Schird,Rewmid
Stald,Freder
Cobix,Snoff
Wifts,Snoff
Whex,Snoff
Gice,Bre
Tammyl,Roses
Grafi,Grentual
Andra,Medington
Verney,Medington
Terrie,Morelly
Lift,Cread
Crunde,Cread
Duckes,Datte
Nichad,Vinozarks
Lorian,Flemaney
Roydo,Mayson
Jerrye,Hayder
Cakers,Bra
Maya,Lardy
Alancy,Santry
Myrace,Savaraldez
Gabrin,Savaraldez
Leony,Georgasey
Eltais,Inghtal
Korneb,Praugnox
Hekabih,Praugnox
Arraiam,Inghtal
Gorice,Curle
Galowl,Curle
Tabiton,Earmeter
Thabius,Slavested
Hallux,Slavested
Okula,Slavested
Sonald,Corman
Suls,Pread
Hocks,Pread
Mon,Marson
Wheal,Bau
Chal,Bau
Oslos,Bau
Suhaion,Ametic
Alino,Ingent
Sulaton,Ingent
Eristy,Joynewtonks
Capies,Chene
Sheratz,Asolipery
Hekab,Asolipery
Terek,Knike
Rafox,Mele
Lorian,Milton
Maasyma,Gealloyalt
Beidus,Gealloyalt
Tanley,Mirandry
Luzel,Woody
Heila,Davens
Wealke,Opie
Spikes,Dutty
Faithy,Bookerson
Dawne,Moodman
Elany,Stantiagord
Joyn,Stantiagord
Coley,Shephendry
Therta,Sancasey
Siese,Perty
Gers,Creke
Wins,Perty
Gicks,Perty
Willy,Fultz
Chary,Munozaley
Furus,Skenginne
Hont,Teake
Ranutz,Teake
Sabiton,Maxled
Errak,Maxled
Algenif,Maxled
Hadirk,Slable
Alrairk,Maxled
Hamelik,Wheededly
Bon,Pert
Enibah,Dratembid
Milyla,Lancock
Bobara,Swanardy
Alarkab,Mirinanty
Louisy,Morrodgers
Stace,Drakeekss
Enifark,Brailidy
Chargin,Brailidy
Dia,Hortis
Ton,Simstravery
Fis,Cre
Stmeal,Cre
Aude,Hendrewsons
Lus,Terry
Muld,Terry
Komos,Terry
Vana,Brooke
Evaned,Foxter
Dorene,Thorney
Hanne,Thorney
Veroy,Peckers
Elinda,Miley
Chreet,Flart
Lulard,Blacks
Ruchbia,Exhaftearm
Walla,Lunapperts
Amandy,Hultz
Honda,Emone
Jele,Reake
Poot,Cooki
Aps,Hotte
Tive,Hotte
Miten,Hotte
Adrie,Thonyderson
Wandy,Deckerson
Ale,Shpie
Ginald,Kirks
Weros,Pelie
Erman,Estron
Galowl,Sidne
Quid,Sidne
Jorgie,Jarvey
Andine,Mcphernard
Mahamak,Prefule
Plas,Prefule
Cellus,Prefule
Panzel,Meate
Furudra,Whealeed
Sonnie,Canields
Isa,Canields
Blancy,Domington
Nathy,Griffince
Tyrony,Shieldson
Billya,Shieldson
Guadae,Gamberson
Gimpus,Inkcablel
Geneen,Sullones
Elanda,Bushins
Jone,Cruzaley
Phacton,Unsible
Lewise,Hoodgers
Rona,Rocholton
Ambert,Weaves
Anniey,Mccarry
Misa,Excialing
Gech,Cusa
Cruses,Cusa
Willey,Morrows
Teda,Ane
Cine,Gene
Emilla,Hebernandry
Yvonna,Alberts
Clech,Snoaf
Tabdhib,Switmorary
Darley,Carrishley
Tors,Buncy
Jagles,Bre
Carita,Simonsents
Debora,Thomason
Mark,Tairbatic
Thewis,Mullericer
Rone,Browlerson
Cline,Browlerson
Cella,Ambleetive
Weion,Heeroling
Branda,Colomonson
Joya,Singlents
Eriana,Mcleaney
Vana,Jimes
Trice,Weavesend
Lorian,Bertsontry
Elicia,Leonzaley
Adamie,Leonzaley
Idace,Gaington
Nichad,Baldson
Benny,Baldson
Dennie,Whiters
Arla,Moodman
Tamin,Willynnedy
Evane,Franey
Tetraix,Dratembid
Adriet,Hughriend
Basps,Bane
Bats,Bane
Cine,Terry
Mon,Lamberguson
Unch,Mity
Brab,Neceriont
Andyn,Ryanga
Chary,Booneid
Graw,Sturt
Yalmon,Sturt
Nilly,Sturt
Scers,Shake
Dynx,Sfin
Les,Brele
Naish,Brele
Naffsh,Brele
Toat,Brele
Guink,Reake
Alar,Alenter
Achium,Alenter
Yots,Fisty
Cird,Fisty
Puffal,Gin
Mites,Sacre
Trion,Chité
Clakey,Gin
Raulia,Hammonton
Besse,Simonddler
Lynnee,Traverdy
Lonnis,Bryangton
Dony,Vantonson
Waffes,Buche
Lis,Reenon
Coreee,Reenon
Packs,Curie
Hadirah,Ainserfle
Sular,Ainserfle
Luxonon,Ainserfle
Eline,Bartins
Helley,Kiddley
Eulahy,Wheelez
Peefox,Ruica
Neysma,Rekle
Joanny,Roses
Walla,Mcphernard
Ivanna,Flemaney
Ane,Read
Carold,Woodwardy
Hone,Barne
Calvia,Corman
Andary,Wilderssen
Beneba,Blentrary
Paulie,Stephendsey
Brence,Stephendsey
Thabih,Vendeck
Lesat,Vendeck
Olgary,Wartyson
Gerly,Wartyson
Celis,Wartyson
Kylen,Merce
Nicey,Merce
Floyde,Hortis
Arllia,Mckinn
Lelah,Potterry
Sanney,Potterry
Davis,Brenney
Millia,Connon
Brank,Brenney
Mabley,Mcbriguez
Fayene,Popelacruz
Inette,Johnshines
Nasliak,Listive
Rickie,Pentss
Dandra,Sextones
Timmy,Cardners
Scera,Mitte
Diphah,Disgul
Lison,Willy
Chelly,Mckins
Courta,Barrison
Dessie,Bulliamoses
Mediah,Gloyanthy
Rayley,Daughtson
Kochard,Stingive
Alyat,Stingive
Alark,Stingive
Gramus,Watie
Apies,Prity
Poloos,Sincy
Benny,Joynewtonks
Kaye,Wagnerray
Quan,Porté
Moste,Porté
Geno,Lowerrudy
Honda,Bert
Raptax,Giba
Shanie,Pooles
Olly,Hebernandry
Annon,Anthompson
Celavar,Fulacid
Briney,Griffy
Ronard,Arner
Noria,Kiddley
Enifak,Plattering
Kochard,Dicely
Briany,Sellahaney
Sethew,Coolerson
Robyny,Walterson
Eleah,Walterson
Jayrin,Bate
Hule,Bate
Rionk,Bate
Cakes,Bate
Enibik,Dynigic
Alsha,Dynigic
Lorice,Estiagosen
Sanya,Palmes
Lerion,Moodson
Loree,Wolfernan
Tous,Flité
Crick,Khart
Idave,Simmonders
Goos,Apie
Gork,Apie
Leos,Apie
Nancis,Ryanga
Algork,Honatte
Instan,Honatte
Segino,Honatte
Alhaino,Honatte
Furudah,Patoetic
Mediton,Patoetic
Sallie,Bushallert
Kennie,Solinez
Alraiam,Gocent
Asellan,Crueld
Kerryn,Wolfernan
Nadie,Polliamposs
Andary,Hurchez
Lillia,Collinson
Brina,Saley
Melica,Saley
Vere,Frité
Gorsp,Biba
Alicey,Wolferguson
Herina,Buckeelez
Cary,Pooles
Askedus,Fuelightic
Batrix,Fuelightic
Alie,Grahangory
Sunk,Birt
Jonard,Horndley
Alrakan,Aivering
Celeon,Aivering
Luzel,Willy
Joyton,Willy
Adamy,Willy
Annya,Willy
Scotte,Willy
Wasalam,Cluthosexy
Coate,Snoff
Hughan,Peterstarks
Nandy,Peterstarks
Eulahy,Peterstarks
Proxima,Poless
Keitha,Waltonnedy
Holey,Sullones
Helle,Barrez
Louisy,Hughriend
Hilia,Joycerton
Sarid,Unkcatted
Aske,Unkcatted
Mino,Unkcatted
Chainon,Spadicage
Achiram,Ainatint
Sadaton,Opshaft
Diason,Whibid
Megrezn,Whibid
Ars,Prity
Fros,Prity
Flams,Bate
Line,Knoxtones
Kimmie,Greeves
Timmie,Rocknight
Isotone,Unaring
Leneva,Yanton
Faithy,Yanton
Forn,Frazo
Frus,Frazo
Anthia,Savaraldez
Timmy,Klindsayer
Veremy,Ellson
Benry,Litthews
Hene,Litthews
Lina,Litthews
Done,Litthews
Lynnon,Pugherman
Shanya,Josey
Lawren,Josey
Eulah,Currisones
Milyn,Llobsoney
Brakis,Shming
Elancy,Pughanders
Kies,Cre
Bler,Cre
Mark,Cre
Toisps,Prin
Shaele,Mathison
Maura,Cainghannon
Garyan,Canields
Jeanny,Moodsey
Flark,Cotik
Porrimp,Aillyber
Sunch,Buche
Sabiark,Traild
Atonon,Traild
Melia,Gardsondez
Willah,Jacostaney
Ricke,Hayersents
Goos,Cheen
Hoce,Barne
Dow,Barne
Ellie,Beckeey
Jillie,Hewson
Alancy,Collinson
Cor,Porki
Joana,Crayeson
Jeandy,Hurchez
Julin,Estiagosen
Supies,Biba
Hekark,Alenter
Mesarid,Alenter
Andice,Maystuarey
Helle,Sawyerson
Aldebah,Gealably
Nesch,Aillyber
Felia,Gillock
Minkark,Motled
Crisey,Georgasey
Berna,Georgasey
Joelan,Folemonley
Cruts,Flie
Monah,Harry
Ranuts,Mellé
Chesty,Bootez
Elindy,Hessey
Wally,Bootez
Jillie,Barrilloney
Tostex,Khaf
Betenar,Craing
Sabi,Ainatint
Astonon,Ainatint
Gracey,Haynard
Jenn,Haynard
Rician,Fowlaney
Lish,Fla
Luxonon,Cuplial
Melara,Daughtson
Jeret,Berges
Jodip,Hughriend
Mabley,Roachez
Juanna,Roachez
Dorene,Roachez
Alley,Briggston
Myrace,Briggston
Ericia,Briggston
Bonyan,Chanan
Rossie,Chanan
Sadalm,Unressind
Alcorix,Unressind
Eriky,Lambleyoun
Hen,Barrelliver
Nathy,Pottley
Antony,Hersons
Clard,Hardson
Sitron,Briouse
Canon,Wingcoling
Leony,Powery
Jackok,Cooki
Jilla,Herreras
Munda,Ble
Goles,Ble
Koot,Fla
Diandy,Mckinn
Chrets,Sincy
Joyn,Hahnstoneal
Darlie,Morrencis
Allene,Balley
Dow,Tité
Tote,Chmad
Allyn,Olivasquez
Juanna,Lardsonald
Gailia,Blainson
Jeroy,Beckeetter
Loisey,Melez
Briney,Ellahan
Lanedy,Mclardson
Dont,Melez
Tax,Tité
Glene,Drakeekss
Jodia,Drakeekss
Roydo,Yorkland
Tinez,Batestonley
Colal,Fonie
Clek,Dan
Murs,Nanie
Elanie,Langatein
Annard,Ashipeck
Celeon,Pressive
Photons,Pickleve
Sargah,Pressive
Sceleon,Pressive
Clow,Peate
Luse,Tirt
Dnocese,Opshaft
Alrair,Taptiritty
Racy,Fulloydez
Adanne,Rilley
Joyces,Vinozarks
Marina,Vinozarks
Tonyn,Ashipson
Alhair,Poselfle
Sinon,Poselfle
Bony,Flynney
Mollen,Ewisentley
Kimmie,Thony
Push,Winie
Leony,Gallenry
Weney,Hineyley
Jerek,Buckentry
Neutrak,Poustive
Besse,Morandry
Menkin,Subateful
Antony,Flynnis
Elanda,Simpsonks
Emmax,Haynard
Florey,Torrez
Eulah,Torrez
Kenda,Torrez
Shanya,Webstephrey
Thell,Masquez
Bretty,Patthews
Luisy,Gaington
Celavar,Galoquid
Candra,Bushallert
Rician,Sweett
Brina,Coopezmaney
Healle,Klindsayer
Altara,Pretive
Sadares,Pretive
Patoya,Hoffergess
Loree,Hoffergess
Jimmyn,Lambleyoun
Yvonna,Lambleyoun
Ronia,Lambleyoun
Tench,Brine
Jagles,Brine
Elindy,Simmonders
Mirark,Fuelisent
Dontch,Terry
Sulaton,Prefule
Tracia,Guezaley
Skatik,Arible
Gwendy,Toddleton
Cats,Ses
Errima,Callower
Hallah,Opshoent
Allift,Parté
Coakey,Cort
Wandy,Blandez
Wales,Khart
Furudra,Ticiay
Race,Oconley
Coreen,Woodgezalez
Vane,Andley
Besse,Connon
Therly,Connon
Rish,Bre
Cassa,Carsoning
Jessa,Greenez
Rahars,Resty
Sargin,Prieress
Dyonon,Prieress
Frunad,Cheen
Cops,Cheen
Tera,Kaney
Anton,Caljoiry
Money,Sache
Atinon,Foraud
Hion,Knike
Ranan,Reelest
Weidus,Reelest
Panch,Letty
Bares,Kraie
Kerrie,Deckley
Verly,Deckley
Julies,Winsley
Adammy,Hinglendez
Morms,Nake
Elica,Brantuarez
Meratz,Prearright
Crowk,Apeau
Pristy,Whiters
Asellan,Calved
Mesonon,Fruidy
Dnocese,Fruidy
Anyonon,Fruidy
Cings,Mith
Candyn,Loverthyo
Scharab,Tramsor
Quarke,Tramsor
Cellum,Alenter
Kyley,Meyersones
Hark,Kité
Kyley,Foxter
Polam,Dinger
Sulatik,Dinger
Hon,Cako
Guanch,Ste
Stene,Chaellerty
Rose,Prity
Swink,Prity
Rosean,Owerson
Mayne,Owerson
Brank,Owerson
Zelowl,Stik
Coakey,Nanie
Fruik,Traie
Rowl,Flaie
Rish,Jamai
Quid,Jamai
Sps,Jamai
Shalle,Savaraldez
Cupers,Erpie
Bettie,Gentledges
Shally,Langatein
Moss,Gene
Felios,Gene
Sweal,Frasp
Alrakan,Scoudelle
Erie,Patthews
Lorey,Boyerson
Leen,Buckentry
Bryany,Buckentry
Chelsa,Buckentry
Eduana,Buckentry
Becca,Buckentry
Lynez,Hartz
Wees,Saf
Pos,Saf
Ech,Saf
Toats,Saf
Naffsh,Burta
Gayla,Merrelliss
Carlie,Steinardson
Pleion,Sperap
Almone,Prine
Cranch,Prine
Chtios,Dal
Docks,Dal
Frohs,Stie
Panbug,Blane
Craird,Stie
Inette,Colomonson
Joycey,Wheelez
Harvin,Garnes
Fal,Blane
Idace,Gilleranks
Naffsh,Soun
Eriky,Puckley
Teryla,Beckeey
Crisey,Beckeey
Briney,Beckeey
Raston,Spoilling
Gabrie,Hickley
Min,Alfordonard
Jandy,Bucknersony
Sug,Dutty
Poselk,Coune
Samany,Keithunts
Adrie,Rodger
Eleb,Mander
Elson,Gallencis
Oark,Krake
Varkes,Nate
Elson,Horners
Wandy,Diazarez
Jabbab,Stoile
Laptin,Part
Laude,Balderts
Sugaly,Chité
Cings,Chité
Jacks,Chité
Mesons,Matoltuble
Menkin,Boltund
Alballa,Boltund
Asterf,Boltund
Bahyon,Matoltuble
Evenna,Garden
